Número do Pedido,Valor do Produto,tamanho,cor,prod_anon
1191,89.9,1 ano,, produto177
1188,89.9,1 ano,, produto177
1184,89.9,M,, produto177
1183,89.9,2 anos,, produto177
1164,89.9,1 ano,, produto177
1101,89.9,1 ano,, produto177
1099,89.9,G,, produto177
1091,89.9,1 ano,, produto177
1089,89.9,1 ano,, produto177
1067,89.9,M,, produto177
1055,89.9,2 anos,, produto177
1043,89.9,2 anos,, produto177
1042,89.9,1 ano,, produto177
1025,89.9,M,, produto177
1019,89.9,2 anos,, produto177
1005,89.9,P,, produto177
1000,89.9,G,, produto177
985,89.9,P,, produto177
983,89.9,2 anos,, produto177
981,89.9,2 anos,, produto177
978,89.9,1 ano,, produto177
977,89.9,P,, produto177
976,89.9,M,, produto177
973,89.9,G,, produto177
966,89.9,M,, produto177
965,89.9,1 ano,, produto177
961,89.9,1 ano,, produto177
945,89.9,M,, produto177
940,89.9,1 ano,, produto177
936,89.9,G,, produto177
933,89.9,2 anos,, produto177
931,89.9,G,, produto177
921,89.9,G,, produto177
879,89.9,1 ano,, produto177
809,89.9,2 anos,, produto177
773,89.9,P,, produto177
746,89.9,2 anos,, produto177
722,89.9,P,, produto177
721,89.9,P,, produto177
692,89.9,1 ano,, produto177
1190,139.9,1 ano,, produto174
1094,139.9,1 ano,, produto174
1081,139.9,1 ano,, produto174
1189,39.45,2 anos, Azul Claro, produto242
1174,39.45,2 anos, Azul Claro, produto242
1026,47.35,1 ano, Azul Claro, produto242
696,55.2,3 anos, Marinho, produto242
556,55.2,3 anos, Marinho, produto242
537,55.2,3 anos, Marinho, produto242
522,55.2,3 anos, Azul Claro, produto242
478,55.2,3 anos, Azul Claro, produto242
470,55.2,2 anos, Azul Claro, produto242
459,55.2,1 ano, Azul Claro, produto242
440,55.2,1 ano, Marinho, produto242
350,78.9,2 anos, Marinho, produto242
345,78.9,2 anos, Marinho, produto242
343,78.9,3 anos, Azul Claro, produto242
341,78.9,2 anos, Azul Claro, produto242
339,78.9,1 ano, Marinho, produto242
325,78.9,2 anos, Marinho, produto242
303,78.9,2 anos, Marinho, produto242
280,78.9,1 ano, Mescla, produto242
239,78.9,3 anos, Marinho, produto242
228,78.9,2 anos, Azul Claro, produto242
186,78.9,2 anos, Azul Claro, produto242
1187,89.9,P,, produto70
1186,24.95,GG, Rosa, produto266
1182,24.95,G, Rosa, produto266
1176,24.95,GG, Marfim, produto266
1154,24.95,GG, Rosa, produto266
1002,29.95,G, Marfim, produto266
995,29.95,M, Rosa, produto266
856,39.9,M, Rosa, produto266
744,49.9,GG, Rosa, produto266
717,49.9,G, Rosa, produto266
667,49.9,G, Marfim, produto266
1186,69.9,1 ano,, produto215
829,69.9,1 ano,, produto215
338,69.9,2 anos,, produto215
250,69.9,1 ano,, produto215
1186,44.45,M,, produto251
803,88.9,G,, produto251
1185,40.0,,, produto147
1146,40.0,,, produto147
1117,40.0,,, produto147
1094,40.0,,, produto147
1065,38.0,,, produto147
1058,38.0,,, produto147
767,38.0,,, produto147
731,38.0,,, produto147
642,38.0,,, produto147
639,38.0,,, produto147
1181,19.5,P, Listrada, produto298
1032,27.3,M, Listrada, produto298
958,39.0,M, Listrada, produto298
887,39.0,4 anos, Vermelha poá, produto298
887,39.0,G, Listrada, produto298
887,39.0,P, Listrada, produto298
845,23.4,M, Jeans coqueiro, produto298
843,23.4,3 anos, Vermelha poá, produto298
818,23.4,4 anos, Listrada, produto298
746,39.0,3 anos, Listrada, produto298
271,31.2,M, Verde coqueiro, produto298
243,31.2,M, Azul Claro, produto298
1180,16.0,P, Branco, produto151
1161,16.0,P, Branco, produto151
753,32.0,P, Branco, produto151
711,32.0,P, Bordô, produto151
622,32.0,M, Bordô, produto151
505,22.4,M, Bordô, produto151
457,22.4,M, Bordô, produto151
448,22.4,M, Branco, produto151
397,25.6,P, Bordô, produto151
387,25.6,M, Branco, produto151
337,25.6,1 ano, Bordô, produto151
250,25.6,1 ano, Bordô, produto151
243,25.6,1 ano, Bordô, produto151
243,25.6,1 ano, Branco, produto151
242,25.6,1 ano, Bordô, produto151
226,25.6,M, Bordô, produto151
126,32.0,1 ano, Branco, produto151
104,32.0,P, Branco, produto151
1179,89.9,1 ano,, produto90
1136,89.9,2 anos,, produto90
1110,89.9,G,, produto90
1020,89.9,1 ano,, produto90
1006,89.9,G,, produto90
1001,89.9,1 ano,, produto90
994,89.9,G,, produto90
734,89.9,1 ano,, produto90
714,89.9,1 ano,, produto90
1178,28.95,1 ano, Azul petróleo com preto, produto84
1172,28.95,3 anos, Azul petróleo com preto, produto84
1149,28.95,3 anos, Mostarda com marinho, produto84
975,34.75,1 ano, Azul petróleo com preto, produto84
926,34.75,2 anos, Mostarda com marinho, produto84
112,57.9,3 anos, Mostarda com marinho, produto84
1178,17.5,G, Azul rabiscos, produto295
1174,17.5,G, Azul rabiscos, produto295
1161,17.5,P, Azul folhagens, produto295
1155,17.5,P, Azul folhagens, produto295
1011,24.5,M, Praia, produto295
994,24.5,G, Praia, produto295
987,24.5,M, Azul folhagens, produto295
851,28.0,P, Verde folhagens, produto295
565,35.0,G, Verde folhagens, produto295
1178,14.45,G, Mescla, produto94
1174,14.45,G, Mescla, produto94
1169,14.45,M, Mescla, produto94
1165,14.45,P, Mescla, produto94
1161,14.45,GG, Mescla, produto94
1155,14.45,G, Mescla, produto94
1155,14.45,P, Mescla, produto94
1149,14.45,G, Mescla, produto94
1149,14.45,M, Branco, produto94
1149,14.45,P, Mescla, produto94
1149,14.45,P, Marinho, produto94
1128,20.2,M, Mescla, produto94
1094,20.2,GG, Mescla, produto94
1094,20.2,P, Marinho, produto94
1072,20.2,GG, Mescla, produto94
1050,20.2,GG, Marinho, produto94
1045,20.2,M, Marinho, produto94
1039,20.2,GG, Branco, produto94
1033,20.2,G, Mescla, produto94
1033,20.2,M, Branco, produto94
1033,20.2,M, Marinho, produto94
1032,20.2,M, Marinho, produto94
1032,20.2,M, Branco, produto94
1017,20.2,M, Marinho, produto94
1017,20.2,GG, Branco, produto94
993,20.2,P, Mescla, produto94
992,20.2,M, Branco, produto94
989,20.2,GG, Vermelho, produto94
987,20.2,P, Vermelho, produto94
967,28.9,P, Vermelho, produto94
967,28.9,P, Branco, produto94
961,28.9,GG, Branco, produto94
960,28.9,M, Mescla, produto94
958,28.9,G, Mescla, produto94
952,28.9,M, Vermelho, produto94
948,28.9,M, Vermelho, produto94
943,28.9,GG, Branco, produto94
932,28.9,GG, Branco, produto94
932,28.9,GG, Marinho, produto94
932,28.9,G, Vermelho, produto94
930,28.9,G, Vermelho, produto94
930,28.9,G, Branco, produto94
924,28.9,G, Branco, produto94
924,28.9,GG, Marinho, produto94
922,28.9,P, Marinho, produto94
914,28.9,P, Vermelho, produto94
909,28.9,G, Vermelho, produto94
908,28.9,GG, Vermelho, produto94
907,28.9,G, Marinho, produto94
907,28.9,G, Branco, produto94
903,28.9,P, Vermelho, produto94
902,28.9,G, Vermelho, produto94
900,28.9,M, Branco, produto94
898,28.9,G, Marinho, produto94
898,28.9,M, Vermelho, produto94
896,28.9,GG, Vermelho, produto94
890,28.9,G, Marinho, produto94
888,28.9,M, Vermelho, produto94
882,28.9,G, Marinho, produto94
878,28.9,G, Vermelho, produto94
853,28.9,P, Vermelho, produto94
851,28.9,M, Vermelho, produto94
842,28.9,G, Vermelho, produto94
840,28.9,GG, Marinho, produto94
840,28.9,G, Marinho, produto94
840,28.9,G, Vermelho, produto94
830,28.9,G, Vermelho, produto94
804,28.9,GG, Marinho, produto94
804,28.9,GG, Vermelho, produto94
792,28.9,GG, Vermelho, produto94
772,28.9,M, Vermelho, produto94
750,28.9,P, Marinho, produto94
724,28.9,P, Marinho, produto94
724,28.9,P, Vermelho, produto94
724,28.9,M, Mescla, produto94
714,28.9,GG, Mescla, produto94
714,28.9,GG, Vermelho, produto94
713,28.9,P, Mescla, produto94
692,28.9,GG, Vermelho, produto94
652,28.9,G, Mescla, produto94
635,28.9,G, Vermelho, produto94
633,28.9,GG, Mescla, produto94
633,28.9,GG, Vermelho, produto94
633,28.9,GG, Marinho, produto94
260,27.1,P, Marinho, produto94
125,33.9,GG, Marinho, produto94
116,33.9,P, Marinho, produto94
1177,112.9,1 ano,, produto164
1171,112.9,M,, produto164
1170,112.9,1 ano,, produto164
1159,112.9,1 ano,, produto164
1158,112.9,2 anos,, produto164
1153,112.9,M,, produto164
1152,112.9,M,, produto164
1148,112.9,2 anos,, produto164
1147,112.9,1 ano,, produto164
1132,112.9,1 ano,, produto164
1126,112.9,1 ano,, produto164
1124,112.9,1 ano,, produto164
1123,112.9,1 ano,, produto164
1122,112.9,P,, produto164
1121,112.9,1 ano,, produto164
1120,112.9,M,, produto164
1118,112.9,1 ano,, produto164
1114,112.9,1 ano,, produto164
1114,112.9,2 anos,, produto164
1111,112.9,M,, produto164
1107,112.9,G,, produto164
1094,89.9,2 anos,, produto164
1086,89.9,G,, produto164
1085,89.9,G,, produto164
1083,89.9,G,, produto164
1078,89.9,2 anos,, produto164
1076,89.9,G,, produto164
1075,89.9,M,, produto164
1072,89.9,G,, produto164
1071,89.9,1 ano,, produto164
1070,89.9,P,, produto164
1068,89.9,P,, produto164
1066,89.9,1 ano,, produto164
1064,89.9,M,, produto164
1063,89.9,P,, produto164
1062,89.9,M,, produto164
1060,89.9,G,, produto164
1054,89.9,1 ano,, produto164
1053,89.9,M,, produto164
1050,89.9,1 ano,, produto164
1049,89.9,1 ano,, produto164
1047,89.9,M,, produto164
1045,89.9,M,, produto164
1044,89.9,1 ano,, produto164
1041,89.9,P,, produto164
1040,89.9,M,, produto164
1037,89.9,2 anos,, produto164
1036,89.9,2 anos,, produto164
1031,89.9,1 ano,, produto164
1030,89.9,2 anos,, produto164
1028,89.9,M,, produto164
1010,89.9,P,, produto164
953,89.9,2 anos,, produto164
952,89.9,M,, produto164
951,89.9,M,, produto164
949,89.9,2 anos,, produto164
944,89.9,M,, produto164
941,89.9,M,, produto164
938,89.9,M,, produto164
927,89.9,M,, produto164
923,89.9,2 anos,, produto164
922,89.9,P,, produto164
920,89.9,G,, produto164
916,89.9,G,, produto164
913,89.9,G,, produto164
911,89.9,M,, produto164
910,89.9,1 ano,, produto164
909,89.9,G,, produto164
899,89.9,P,, produto164
890,89.9,M,, produto164
886,89.9,2 anos,, produto164
883,89.9,1 ano,, produto164
881,89.9,1 ano,, produto164
880,89.9,1 ano,, produto164
870,89.9,P,, produto164
868,89.9,1 ano,, produto164
867,89.9,G,, produto164
828,89.9,1 ano,, produto164
795,89.9,P,, produto164
794,89.9,G,, produto164
789,89.9,2 anos,, produto164
786,89.9,P,, produto164
774,89.9,P,, produto164
764,89.9,P,, produto164
763,89.9,1 ano,, produto164
762,89.9,2 anos,, produto164
758,89.9,M,, produto164
739,89.9,M,, produto164
736,89.9,1 ano,, produto164
733,89.9,G,, produto164
725,89.9,G,, produto164
715,89.9,M,, produto164
712,89.9,P,, produto164
690,89.9,1 ano,, produto164
685,89.9,G,, produto164
681,89.9,G,, produto164
678,89.9,G,, produto164
676,89.9,2 anos,, produto164
675,89.9,1 ano,, produto164
669,89.9,1 ano,, produto164
666,89.9,P,, produto164
665,89.9,1 ano,, produto164
660,89.9,G,, produto164
659,89.9,1 ano,, produto164
655,89.9,M,, produto164
647,89.9,1 ano,, produto164
599,89.9,M,, produto164
584,89.9,P,, produto164
578,89.9,1 ano,, produto164
572,89.9,M,, produto164
571,89.9,2 anos,, produto164
569,89.9,P,, produto164
567,89.9,G,, produto164
565,89.9,G,, produto164
557,89.9,1 ano,, produto164
545,89.9,2 anos,, produto164
543,89.9,2 anos,, produto164
542,89.9,P,, produto164
539,89.9,M,, produto164
524,89.9,M,, produto164
513,89.9,M,, produto164
500,89.9,G,, produto164
498,89.9,G,, produto164
491,89.9,G,, produto164
484,89.9,1 ano,, produto164
479,89.9,1 ano,, produto164
471,89.9,1 ano,, produto164
468,89.9,G,, produto164
463,89.9,2 anos,, produto164
406,89.9,M,, produto164
139,89.9,G,, produto164
1176,17.0,G, Marfim, produto31
1138,17.0,G, Branco, produto31
1176,22.5,GG, Azul, produto285
1166,22.5,P, Azul, produto285
1161,22.5,P, Rosa, produto285
1161,22.5,GG, Rosa, produto285
1154,22.5,GG, Rosa, produto285
1150,22.5,G, Azul, produto285
1150,22.5,P, Azul, produto285
1150,22.5,G, Rosa, produto285
1150,22.5,P, Rosa, produto285
1034,27.0,GG, Azul, produto285
1004,27.0,G, Azul, produto285
887,45.0,M, Azul, produto285
887,45.0,M, Rosa, produto285
1176,24.95,GG, Azul, produto257
1166,24.95,P, Azul, produto257
1161,24.95,P, Rosa, produto257
1161,24.95,GG, Azul, produto257
1161,24.95,P, Azul, produto257
1160,24.95,M, Rosa, produto257
1154,24.95,GG, Azul, produto257
1117,34.9,G, Azul, produto257
1002,34.9,G, Azul, produto257
996,34.9,GG, Rosa, produto257
887,49.9,G, Rosa, produto257
887,49.9,M, Azul, produto257
865,49.9,M, Rosa, produto257
863,39.9,G, Rosa, produto257
802,49.9,G, Azul, produto257
755,49.9,M, Azul, produto257
1176,24.95,1 ano, Rosa, produto54
1166,24.95,P, Rosa, produto54
1161,24.95,G, Azul, produto54
1157,24.95,1 ano, Rosa, produto54
1154,24.95,1 ano, Azul, produto54
1145,24.95,M, Rosa, produto54
1138,24.95,G, Azul, produto54
1059,29.9,2 anos, Rosa, produto54
1015,29.9,1 ano, Rosa, produto54
1175,27.0,P, Azul Claro, produto338
1168,27.0,P, Azul Claro, produto338
1161,27.0,P, Caramelo, produto338
1141,27.0,M, Azul Claro, produto338
1140,27.0,1 ano, Azul Claro, produto338
1140,27.0,G, Caramelo, produto338
1137,27.0,M, Caramelo, produto338
1136,32.4,1 ano, Azul Claro, produto338
1134,32.4,G, Caramelo, produto338
1134,32.4,M, Azul Claro, produto338
1032,32.4,M, Azul Claro, produto338
997,32.4,M, Caramelo, produto338
997,32.4,G, Azul Claro, produto338
992,32.4,1 ano, Caramelo, produto338
991,32.4,M, Azul Claro, produto338
984,32.4,P, Caramelo, produto338
932,54.0,G, Caramelo, produto338
741,54.0,P, Azul Claro, produto338
1175,8.9,,, produto296
1153,8.9,,, produto296
1152,8.9,,, produto296
1132,8.9,,, produto296
928,8.9,,, produto296
808,8.9,,, produto296
791,8.9,,, produto296
765,8.9,,, produto296
739,8.9,,, produto296
602,8.9,,, produto296
582,8.9,,, produto296
523,8.9,,, produto296
1175,17.95,G, Marfim, produto34
1155,17.95,G, Marfim, produto34
1141,17.95,P, Verde, produto34
1023,25.1,GG, Verde, produto34
1023,25.1,G, Verde, produto34
1020,25.1,G, Azul, produto34
994,25.1,P, Marfim, produto34
993,25.1,P, Marfim, produto34
991,25.1,P, Verde, produto34
987,25.1,M, Marfim, produto34
984,25.1,P, Verde, produto34
937,35.9,P, Branco, produto34
846,28.7,M, Azul, produto34
840,28.7,G, Verde, produto34
840,28.7,G, Rosa, produto34
840,28.7,M, Verde, produto34
839,28.7,M, Azul, produto34
831,28.7,GG, Azul, produto34
818,28.7,G, Azul, produto34
816,28.7,GG, Azul, produto34
760,35.9,P, Azul, produto34
755,35.9,G, Branco, produto34
714,35.9,GG, Verde, produto34
680,35.9,GG, Verde, produto34
1175,21.5,M, Azul, produto86
1155,21.5,M, Azul, produto86
951,43.0,M, Azul, produto86
928,43.0,M, Azul, produto86
864,25.8,P, Vermelho, produto86
864,25.8,P, Azul, produto86
849,25.8,G, Azul, produto86
271,34.4,M, Azul, produto86
1173,28.95,P, Marfim com rosa, produto144
1090,34.75,P, Marfim com rosa, produto144
813,34.75,G, Rosa com mescla, produto144
679,40.5,G, Marfim com rosa, produto144
475,40.5,M, Marfim com rosa, produto144
366,57.9,M, Rosa com mescla, produto144
366,57.9,P, Marfim com rosa, produto144
134,57.9,G, Marfim com rosa, produto144
123,57.9,M, Marfim com rosa, produto144
113,57.9,G, Rosa com mescla, produto144
1173,35.95,P,, produto293
1145,35.95,GG,, produto293
905,71.9,M,, produto293
717,71.9,G,, produto293
610,71.9,G,, produto293
1172,14.5,3 anos, Índigo, produto255
826,17.4,3 anos, Marinho, produto255
804,20.3,1 ano, Marinho, produto255
137,29.0,1 ano, Marinho, produto255
128,29.0,2 anos, Índigo, produto255
1172,27.45,3 anos, Branco com preto, produto37
1139,27.45,1 ano, Mescla com marinho, produto37
1008,38.4,3 anos, Branco com preto, produto37
1169,19.95,P, Vermelho, produto115
854,23.95,P, Vermelho, produto115
536,22.3,P, Cinza, produto115
526,22.3,M, Cinza, produto115
511,22.3,M, Cinza, produto115
351,25.5,G, Vermelho, produto115
227,25.5,G, Marinho, produto115
1168,41.95,P,, produto324
609,83.9,P,, produto324
167,67.1,3 anos,, produto324
1168,26.45,P, Verde com mescla, produto157
1115,37.0,M, Verde com mescla, produto157
934,52.9,G, Branco com azul claro, produto157
1167,139.9,G,, produto228
1163,139.9,2 anos,, produto228
1143,139.9,G,, produto228
1142,139.9,G,, produto228
1113,139.9,1 ano,, produto228
1112,139.9,1 ano,, produto228
1094,112.9,P,, produto228
1093,112.9,2 anos,, produto228
1087,112.9,P,, produto228
1058,112.9,2 anos,, produto228
970,112.9,2 anos,, produto228
925,112.9,G,, produto228
897,112.9,2 anos,, produto228
852,112.9,M,, produto228
845,112.9,M,, produto228
838,112.9,P,, produto228
812,112.9,M,, produto228
788,112.9,P,, produto228
766,112.9,P,, produto228
723,112.9,1 ano,, produto228
702,112.9,M,, produto228
693,112.9,2 anos,, produto228
671,112.9,P,, produto228
641,112.9,M,, produto228
638,112.9,2 anos,, produto228
630,112.9,G,, produto228
617,112.9,M,, produto228
612,112.9,1 ano,, produto228
605,112.9,2 anos,, produto228
604,112.9,2 anos,, produto228
600,112.9,M,, produto228
564,112.9,2 anos,, produto228
555,112.9,1 ano,, produto228
553,112.9,1 ano,, produto228
533,112.9,P,, produto228
523,112.9,1 ano,, produto228
496,112.9,G,, produto228
490,112.9,P,, produto228
479,112.9,1 ano,, produto228
476,112.9,1 ano,, produto228
419,112.9,1 ano,, produto228
407,112.9,1 ano,, produto228
367,112.9,P,, produto228
363,112.9,M,, produto228
309,112.9,1 ano,, produto228
290,112.9,G,, produto228
269,112.9,G,, produto228
176,112.9,1 ano,, produto228
145,112.9,G,, produto228
108,112.9,G,, produto228
108,112.9,1 ano,, produto228
1166,26.45,GG, Pink, produto126
1161,26.45,G, Pink, produto126
1151,26.45,G, Rosa Claro, produto126
1137,26.45,M, Rosa Claro, produto126
1094,31.7,GG, Rosa Claro, produto126
1079,31.7,G, Rosa Claro, produto126
1034,31.7,GG, Pink, produto126
1004,31.7,G, Rosa Claro, produto126
976,52.9,M, Rosa Claro, produto126
870,52.9,P, Rosa Claro, produto126
863,42.3,M, Rosa Claro, produto126
726,52.9,G, Pink, produto126
1166,17.95,P, Floral, produto348
1154,17.95,G, Floral, produto348
1145,17.95,G, Floral, produto348
1079,21.5,G, Elefante, produto348
1002,21.5,M, Floral, produto348
1002,21.5,G, Elefante, produto348
1166,26.45,2 anos, Azul, produto284
1160,26.45,P, Azul, produto284
1149,26.45,2 anos, Rosa, produto284
1138,26.45,1 ano, Azul, produto284
1079,37.0,M, Azul, produto284
870,52.9,P, Azul, produto284
803,52.9,P, Rosa, produto284
787,52.9,M, Azul, produto284
755,52.9,M, Rosa, produto284
717,52.9,G, Rosa, produto284
627,52.9,P, Rosa, produto284
622,52.9,G, Rosa, produto284
1162,112.9,M,, produto219
1125,112.9,M,, produto219
1065,112.9,G,, produto219
1058,112.9,G,, produto219
1010,112.9,M,, produto219
895,112.9,G,, produto219
1161,19.95,P, Rosa, produto116
1161,19.95,P, Marinho, produto116
717,39.9,M, Marinho, produto116
531,27.9,G, Rosa, produto116
1161,22.45,1 ano, Rosa bichinho, produto23
1138,22.45,1 ano, Salmão floral, produto23
862,26.95,3 anos, Rosa bichinho, produto23
854,26.95,3 anos, Rosa bichinho, produto23
132,44.9,3 anos, Azul borboletas, produto23
1161,9.45,1 ano, Cinza, produto302
1039,11.35,2 anos, Branco, produto302
1161,22.95,2 anos, Mescla claro, produto119
1161,22.95,1 ano, Rosa, produto119
1138,22.95,1 ano, Mescla claro, produto119
1039,32.1,2 anos, Mescla escuro, produto119
1161,22.45,1 ano, Peito listrado, produto267
1107,31.4,4 anos, Peito listrado, produto267
840,35.9,3 anos, Todo listrado, produto267
840,35.9,4 anos, Todo listrado, produto267
1156,32.0,2 anos,, produto9
1094,32.0,M,, produto9
968,32.0,2 anos,, produto9
862,32.0,2 anos,, produto9
841,32.0,G,, produto9
679,32.0,1 ano,, produto9
646,32.0,P,, produto9
624,32.0,P,, produto9
619,32.0,P,, produto9
596,32.0,1 ano,, produto9
593,32.0,M,, produto9
591,32.0,M,, produto9
530,32.0,2 anos,, produto9
520,32.0,2 anos,, produto9
506,32.0,M,, produto9
480,32.0,P,, produto9
477,32.0,G,, produto9
474,32.0,M,, produto9
458,32.0,G,, produto9
448,32.0,M,, produto9
441,32.0,P,, produto9
386,32.0,G,, produto9
384,32.0,1 ano,, produto9
225,32.0,P,, produto9
1156,52.5,3 anos,, produto263
1096,52.5,3 anos,, produto263
835,52.5,3 anos,, produto263
1153,5.0,,, produto343
1152,5.0,,, produto343
1132,5.0,,, produto343
1127,5.0,,, produto343
1095,4.0,,, produto343
1094,4.0,,, produto343
1053,4.0,,, produto343
960,4.0,,, produto343
906,4.0,,, produto343
713,4.0,,, produto343
572,4.0,,, produto343
565,4.0,,, produto343
181,4.0,,, produto343
179,4.0,,, produto343
100,4.0,,, produto343
1151,19.95,P, Peito listrado, produto342
1021,27.9,M, Peito listrado, produto342
610,39.9,G, Saia listrada, produto342
1151,22.5,P,, produto340
1150,22.5,P,, produto340
996,31.5,G,, produto340
905,45.0,G,, produto340
863,36.0,G,, produto340
850,36.0,2 anos,, produto340
802,45.0,G,, produto340
768,45.0,1 ano,, produto340
714,45.0,G,, produto340
1151,27.45,P, Rosa, produto106
1002,38.4,M, Rosa, produto106
755,54.9,M, Mescla escuro, produto106
610,54.9,G, Mescla claro, produto106
1150,8.9,, M, produto235
1150,8.9,, P, produto235
1150,8.9,, Zero, produto235
1133,8.9,, P, produto235
1133,8.9,, M, produto235
1133,8.9,, P, produto235
1133,8.9,, Zero, produto235
1127,8.9,, Zero, produto235
1127,8.9,, Zero, produto235
1125,8.9,, P, produto235
1117,8.9,, M, produto235
1117,8.9,, M, produto235
1094,8.9,, M, produto235
1080,8.9,, G, produto235
1065,8.9,, P, produto235
1052,8.9,, Zero, produto235
1021,8.9,, P, produto235
996,8.9,, Zero, produto235
971,8.9,, P, produto235
929,8.9,, P, produto235
884,8.9,, G, produto235
862,8.9,, G, produto235
781,8.9,, Zero, produto235
767,8.9,, Zero, produto235
765,8.9,, Zero, produto235
752,8.9,, P, produto235
738,8.9,, M, produto235
731,8.9,, P, produto235
643,8.9,, Zero, produto235
623,8.9,, Zero, produto235
614,8.9,, Zero, produto235
607,8.9,, Zero, produto235
603,8.9,, P, produto235
596,8.9,, M, produto235
587,8.9,, Zero, produto235
585,8.9,, M, produto235
585,8.9,, P, produto235
554,8.9,, Zero, produto235
551,8.9,, P, produto235
546,8.9,, P, produto235
535,8.9,, P, produto235
530,8.9,, M, produto235
525,8.9,, P, produto235
520,8.9,, M, produto235
487,8.9,, M, produto235
474,8.9,, P, produto235
474,8.9,, P, produto235
474,8.9,, P, produto235
473,8.9,, Zero, produto235
1150,27.45,2 anos, Marfim com preto, produto76
1150,27.45,1 ano, Marfim com preto, produto76
1139,27.45,1 ano, Branco com marinho, produto76
1149,14.0,1 ano, Rosa, produto277
855,16.8,3 anos, Marfim, produto277
347,28.0,2 anos, Marfim, produto277
1149,26.45,P, Mescla com amarelo, produto349
1115,37.0,M, Branco com marinho, produto349
1006,37.0,G, Mescla com amarelo, produto349
882,52.9,G, Marinho com mescla, produto349
1149,15.95,G, Branco, produto223
1115,22.3,M, Mescla, produto223
1115,22.3,M, Branco, produto223
962,31.9,M, Amarelo, produto223
1149,22.5,2 anos,, produto241
994,31.5,1 ano,, produto241
893,45.0,4 anos,, produto241
887,45.0,1 ano,, produto241
709,45.0,4 anos,, produto241
699,45.0,3 anos,, produto241
686,45.0,2 anos,, produto241
686,45.0,3 anos,, produto241
1149,22.45,P, Rosa cavalo, produto279
622,44.9,M, Arara, produto279
1149,14.45,P, Azul Claro, produto105
1032,20.2,P, Mescla, produto105
1023,20.2,M, Azul Claro, produto105
1023,20.2,M, Mescla, produto105
1017,20.2,G, Azul Claro, produto105
1003,20.2,P, Azul Claro, produto105
997,20.2,GG, Azul Claro, produto105
991,20.2,P, Mescla, produto105
987,20.2,M, Azul Claro, produto105
986,20.2,GG, Mescla, produto105
967,28.9,P, Mescla, produto105
962,28.9,M, Mescla, produto105
961,28.9,GG, Mescla, produto105
961,28.9,G, Azul Claro, produto105
932,28.9,GG, Azul Claro, produto105
924,28.9,G, Mescla, produto105
909,28.9,G, Mescla, produto105
849,23.1,G, Azul Claro, produto105
814,23.1,G, Azul Claro, produto105
804,28.9,GG, Mescla, produto105
730,28.9,GG, Azul Claro, produto105
714,28.9,GG, Azul Claro, produto105
713,28.9,RN, Mescla, produto105
692,28.9,G, Mescla, produto105
635,28.9,G, Mescla, produto105
633,28.9,GG, Azul Claro, produto105
633,28.9,GG, Mescla, produto105
621,28.9,M, Mescla, produto105
1149,24.95,P, Rosa, produto122
1034,34.9,GG, Rosa, produto122
996,34.9,GG, Rosa, produto122
887,49.9,M, Rosa, produto122
823,39.9,GG, Vermelho, produto122
823,39.9,G, Vermelho, produto122
823,39.9,P, Vermelho, produto122
787,49.9,P, Rosa, produto122
777,49.9,M, Vermelho, produto122
744,49.9,GG, Vermelho, produto122
717,49.9,G, Rosa, produto122
668,49.9,G, Vermelho, produto122
1149,24.95,P, Azul Claro, produto313
993,34.9,P, Azul Claro, produto313
936,49.9,G, Azul Claro, produto313
854,39.9,M, Azul Claro, produto313
844,39.9,M, Marinho, produto313
680,49.9,G, Marinho, produto313
1149,34.45,1 ano, Marinho, produto152
1108,41.35,2 anos, Marinho, produto152
327,68.9,3 anos, Marinho, produto152
1149,34.45,1 ano, Cinza com bordô, produto139
782,48.2,1 ano, Cinza com bordô, produto139
307,68.9,1 ano, Cinza com bordô, produto139
1149,28.95,P, Rosa com marinho, produto130
1090,34.75,P, Rosa com marinho, produto130
813,34.75,P, Cinza com preto, produto130
541,40.5,M, Rosa com marinho, produto130
1149,8.45,12 anos, Cinza, produto188
820,8.45,6 anos, Cinza, produto188
820,8.45,12 anos, Preto, produto188
817,8.45,4 anos, Preto, produto188
1149,31.45,P, Rosa com rosa, produto319
1149,31.45,M, Rosa com mescla, produto319
1127,37.75,P, Rosa com rosa, produto319
996,37.75,G, Rosa com rosa, produto319
832,37.75,G, Rosa com rosa, produto319
783,44.0,M, Rosa com preto, produto319
782,44.0,G, Rosa com rosa, produto319
610,44.0,G, Rosa com mescla, produto319
495,44.0,G, Rosa com rosa, produto319
492,44.0,M, Rosa com rosa, produto319
369,62.9,P, Rosa com preto, produto319
225,62.9,P, Rosa com rosa, produto319
196,62.9,M, Rosa com preto, produto319
1149,19.95,P, Rosa, produto283
541,27.9,M, Bege, produto283
534,27.9,M, Bege, produto283
339,39.9,G, Azul, produto283
301,39.9,G, Rosa, produto283
206,39.9,G, Azul, produto283
148,39.9,P, Bege, produto283
148,39.9,P, Rosa, produto283
103,39.9,RN, Rosa, produto283
1149,12.5,G, Marfim, produto81
1134,15.0,M, Marfim, produto81
1003,15.0,P, Marfim, produto81
962,15.0,P, Marinho, produto81
958,15.0,M, Marinho, produto81
935,15.0,P, Marfim, produto81
834,15.0,P, Marfim, produto81
818,15.0,G, Marinho, produto81
814,15.0,G, Marinho, produto81
445,17.5,M, Marinho, produto81
109,25.0,G, Marfim, produto81
109,25.0,G, Marinho, produto81
1146,12.0,0 a 4 meses,, produto301
1119,12.0,0 a 4 meses,, produto301
1117,12.0,5 meses a 2 anos,, produto301
1117,12.0,0 a 4 meses,, produto301
1010,9.9,0 a 4 meses,, produto301
959,9.9,0 a 4 meses,, produto301
856,9.9,0 a 4 meses,, produto301
841,9.9,5 meses a 2 anos,, produto301
796,9.9,5 meses a 2 anos,, produto301
793,9.9,5 meses a 2 anos,, produto301
784,9.9,5 meses a 2 anos,, produto301
775,9.9,0 a 4 meses,, produto301
771,9.9,5 meses a 2 anos,, produto301
747,9.9,0 a 4 meses,, produto301
738,9.9,5 meses a 2 anos,, produto301
731,9.9,0 a 4 meses,, produto301
720,9.9,5 meses a 2 anos,, produto301
719,9.9,5 meses a 2 anos,, produto301
718,9.9,0 a 4 meses,, produto301
717,9.9,0 a 4 meses,, produto301
704,9.9,5 meses a 2 anos,, produto301
703,9.9,0 a 4 meses,, produto301
688,9.9,0 a 4 meses,, produto301
663,9.9,5 meses a 2 anos,, produto301
656,9.9,5 meses a 2 anos,, produto301
632,9.9,5 meses a 2 anos,, produto301
518,9.9,0 a 4 meses,, produto301
510,9.9,0 a 4 meses,, produto301
473,9.9,0 a 4 meses,, produto301
409,9.9,,, produto301
402,9.9,,, produto301
397,9.9,0 a 4 meses,, produto301
389,9.9,,, produto301
301,9.9,0 a 4 meses,, produto301
276,9.9,,, produto301
225,9.9,0 a 4 meses,, produto301
126,9.9,,, produto301
126,9.9,0 a 4 meses,, produto301
103,9.9,0 a 4 meses,, produto301
1146,112.9,M,, produto83
1117,112.9,M,, produto83
1094,112.9,G,, produto83
1088,112.9,G,, produto83
905,112.9,G,, produto83
1144,65.9,P,, produto270
1128,65.9,G,, produto270
973,65.9,G,, produto270
652,65.9,M,, produto270
1139,27.45,1 ano, Branco com marinho, produto187
1008,38.4,3 anos, Mescla com amarelo, produto187
577,54.9,1 ano, Marinho com mescla, produto187
1139,15.95,1 ano, Branco, produto321
1022,22.3,2 anos, Cinza, produto321
1139,17.45,1 ano, Vermelho, produto261
1139,17.45,1 ano, Marinho, produto261
1138,17.45,4 anos, Preto, produto261
1098,24.4,2 anos, Marinho, produto261
1098,24.4,2 anos, Vermelho, produto261
1029,24.4,3 anos, Mescla, produto261
1021,24.4,4 anos, Mescla, produto261
1021,24.4,4 anos, Vermelho, produto261
1017,24.4,2 anos, Marinho, produto261
1008,24.4,3 anos, Marinho, produto261
999,24.4,3 anos, Vermelho, produto261
986,24.4,1 ano, Mescla, produto261
982,34.9,2 anos, Vermelho, produto261
969,34.9,2 anos, Vermelho, produto261
969,34.9,2 anos, Marinho, produto261
961,34.9,1 ano, Marinho, produto261
957,34.9,1 ano, Marinho, produto261
876,34.9,1 ano, Vermelho, produto261
871,34.9,2 anos, Vermelho, produto261
843,34.9,3 anos, Preto, produto261
835,34.9,4 anos, Mescla, produto261
835,34.9,4 anos, Marinho, produto261
810,34.9,2 anos, Vermelho, produto261
805,34.9,1 ano, Vermelho, produto261
780,34.9,4 anos, Vermelho, produto261
651,34.9,1 ano, Preto, produto261
634,34.9,1 ano, Mescla, produto261
1138,27.45,G, Branco com rosa, produto160
1103,38.4,G, Marfim com cinza, produto160
625,54.9,G, Marfim com cinza, produto160
1138,19.5,4 anos, Marinho, produto212
893,39.0,4 anos, Marinho, produto212
887,39.0,P, Marinho, produto212
846,23.4,M, Marinho, produto212
826,23.4,3 anos, Vermelho, produto212
818,23.4,3 anos, Vermelho, produto212
556,39.0,2 anos, Vermelho, produto212
488,27.9,4 anos, Marinho, produto212
447,27.9,4 anos, Vermelho, produto212
243,31.2,P, Vermelho, produto212
1138,21.0,3 anos, Azul rabiscos, produto66
809,42.0,2 anos, Azul folhagens, produto66
1138,20.95,M, Blusa marfim, produto256
1021,25.15,G, Blusa rosa, produto256
1135,112.9,M,, produto132
1073,112.9,M,, produto132
1056,112.9,M,, produto132
1052,112.9,G,, produto132
980,112.9,P,, produto132
979,112.9,P,, produto132
857,112.9,G,, produto132
811,112.9,P,, produto132
799,112.9,G,, produto132
781,112.9,G,, produto132
648,112.9,M,, produto132
566,112.9,G,, produto132
493,112.9,M,, produto132
276,112.9,G,, produto132
1134,112.9,M,, produto48
1130,112.9,2 anos,, produto48
1109,112.9,1 ano,, produto48
1104,89.9,G,, produto48
1102,89.9,1 ano,, produto48
1095,89.9,M,, produto48
1092,89.9,G,, produto48
1084,89.9,G,, produto48
1074,89.9,P,, produto48
1061,89.9,P,, produto48
1048,89.9,1 ano,, produto48
1020,89.9,1 ano,, produto48
1014,89.9,G,, produto48
942,89.9,2 anos,, produto48
938,89.9,M,, produto48
921,89.9,1 ano,, produto48
917,89.9,1 ano,, produto48
912,89.9,G,, produto48
906,89.9,M,, produto48
901,89.9,M,, produto48
889,89.9,1 ano,, produto48
866,89.9,2 anos,, produto48
859,89.9,G,, produto48
791,89.9,M,, produto48
757,89.9,M,, produto48
743,89.9,2 anos,, produto48
740,89.9,2 anos,, produto48
673,89.9,G,, produto48
653,89.9,1 ano,, produto48
648,89.9,P,, produto48
629,89.9,1 ano,, produto48
613,89.9,G,, produto48
611,89.9,1 ano,, produto48
608,89.9,2 anos,, produto48
605,89.9,2 anos,, produto48
604,89.9,2 anos,, produto48
602,89.9,1 ano,, produto48
588,89.9,M,, produto48
581,89.9,2 anos,, produto48
536,89.9,P,, produto48
507,89.9,1 ano,, produto48
479,89.9,1 ano,, produto48
1133,19.9,7 a 12 meses, Preta, produto74
1133,19.9,7 a 12 meses, Rosa, produto74
1133,19.9,7 a 12 meses, Branca, produto74
841,19.9,7 a 12 meses, Branca, produto74
784,19.9,0 a 6 meses, Branca, produto74
777,19.9,0 a 6 meses, Branca, produto74
777,19.9,0 a 6 meses, Rosa, produto74
765,19.9,7 a 12 meses, Preta, produto74
718,19.9,0 a 6 meses, Branca, produto74
718,19.9,0 a 6 meses, Rosa, produto74
701,19.9,0 a 6 meses, Branca, produto74
658,19.9,0 a 6 meses, Branca, produto74
649,19.9,0 a 6 meses, Branca, produto74
646,19.9,0 a 6 meses, Branca, produto74
639,19.9,1 ano a 2 anos, Branca, produto74
596,19.9,7 a 12 meses, Branca, produto74
593,19.9,0 a 6 meses, Branca, produto74
575,19.9,7 a 12 meses, Branca, produto74
541,19.9,0 a 6 meses, Branca, produto74
525,19.9,7 a 12 meses, Branca, produto74
516,19.9,0 a 6 meses, Branca, produto74
495,19.9,7 a 12 meses, Preta, produto74
495,19.9,7 a 12 meses, Rosa, produto74
495,19.9,7 a 12 meses, Branca, produto74
488,19.9,0 a 6 meses, Branca, produto74
454,19.9,1 ano a 2 anos, Branca, produto74
441,19.9,0 a 6 meses, Branca, produto74
402,19.9,7 a 12 meses, Branca, produto74
397,19.9,0 a 6 meses, Preta, produto74
390,19.9,1 ano a 2 anos, Branca, produto74
389,19.9,7 a 12 meses, Branca, produto74
376,19.9,7 a 12 meses, Preta, produto74
369,19.9,0 a 6 meses, Preta, produto74
337,19.9,7 a 12 meses, Rosa, produto74
331,19.9,0 a 6 meses, Rosa, produto74
320,19.9,0 a 6 meses, Rosa, produto74
307,19.9,7 a 12 meses, Rosa, produto74
302,19.9,0 a 6 meses, Rosa, produto74
302,19.9,0 a 6 meses, Branca, produto74
301,19.9,0 a 6 meses, Branca, produto74
284,19.9,7 a 12 meses, Preta, produto74
282,19.9,0 a 6 meses, Branca, produto74
277,19.9,7 a 12 meses, Preta, produto74
277,19.9,7 a 12 meses, Branca, produto74
258,19.9,0 a 6 meses, Branca, produto74
256,19.9,0 a 6 meses, Rosa, produto74
256,19.9,7 a 12 meses, Preta, produto74
256,19.9,0 a 6 meses, Branca, produto74
244,19.9,0 a 6 meses, Branca, produto74
240,19.9,0 a 6 meses, Branca, produto74
208,19.9,0 a 6 meses, Branca, produto74
175,19.9,1 ano a 2 anos, Branca, produto74
171,19.9,0 a 6 meses, Branca, produto74
165,19.9,0 a 6 meses, Branca, produto74
164,19.9,0 a 6 meses, Branca, produto74
164,19.9,0 a 6 meses, Rosa, produto74
157,19.9,0 a 6 meses, Rosa, produto74
157,19.9,0 a 6 meses, Branca, produto74
146,19.9,7 a 12 meses, Preta, produto74
144,19.9,0 a 6 meses, Rosa, produto74
131,19.9,0 a 6 meses, Branca, produto74
126,19.9,0 a 6 meses, Rosa, produto74
123,19.9,0 a 6 meses, Preta, produto74
123,19.9,0 a 6 meses, Branca, produto74
103,19.9,0 a 6 meses, Branca, produto74
100,19.9,0 a 6 meses, Branca, produto74
1131,179.9,M,, produto45
628,179.9,M,, produto45
606,179.9,G,, produto45
598,179.9,G,, produto45
582,179.9,G,, produto45
424,179.9,P,, produto45
1129,12.0,P, Marfim, produto2
1129,12.0,P, Vermelho, produto2
1129,12.0,P, Rosa, produto2
1129,12.0,P, Branco, produto2
1117,12.0,M, Marfim, produto2
1094,12.0,M, Branco, produto2
884,12.0,G, Branco, produto2
862,12.0,G, Vermelho, produto2
848,12.0,G, Vermelho, produto2
848,12.0,G, Marfim, produto2
848,12.0,G, Rosa, produto2
781,12.0,G, Branco, produto2
765,12.0,G, Rosa, produto2
765,12.0,G, Marfim, produto2
720,12.0,G, Branco, produto2
717,12.0,M, Branco, produto2
704,12.0,M, Branco, produto2
688,12.0,P, Branco, produto2
686,12.0,M, Marfim, produto2
686,12.0,P, Branco, produto2
686,12.0,M, Vermelho, produto2
686,12.0,G, Branco, produto2
684,12.0,G, Branco, produto2
663,12.0,M, Branco, produto2
637,12.0,G, Rosa, produto2
637,12.0,G, Branco, produto2
632,12.0,G, Branco, produto2
622,12.0,G, Rosa, produto2
622,12.0,G, Vermelho, produto2
607,12.0,M, Marfim, produto2
607,12.0,M, Rosa, produto2
607,12.0,P, Branco, produto2
596,12.0,G, Branco, produto2
575,12.0,M, Branco, produto2
560,12.0,G, Rosa, produto2
560,12.0,G, Branco, produto2
560,12.0,G, Vermelho, produto2
558,12.0,M, Branco, produto2
546,12.0,P, Branco, produto2
541,12.0,M, Branco, produto2
487,9.9,G, Branco, produto2
474,9.9,M, Vermelho, produto2
474,9.9,M, Rosa, produto2
474,9.9,M, Branco, produto2
397,9.9,G, Branco, produto2
397,9.9,G, Vermelho, produto2
387,9.9,M, Branco, produto2
387,9.9,M, Vermelho, produto2
387,9.9,P, Rosa, produto2
250,9.9,G, Vermelho, produto2
148,9.9,M, Vermelho, produto2
148,9.9,M, Marfim, produto2
148,9.9,P, Rosa, produto2
148,9.9,P, Branco, produto2
1127,19.0,,, produto163
1127,19.0,,, produto163
1077,19.0,,, produto163
865,19.0,,, produto163
865,19.0,,, produto163
784,19.0,,, produto163
719,19.0,,, produto163
610,19.0,,, produto163
610,19.0,,, produto163
570,19.0,,, produto163
570,19.0,,, produto163
529,19.0,,, produto163
520,19.0,,, produto163
520,19.0,,, produto163
473,19.0,,, produto163
413,19.0,,, produto163
387,19.0,,, produto163
336,19.0,,, produto163
326,19.0,,, produto163
326,19.0,,, produto163
307,19.0,,, produto163
307,19.0,,, produto163
288,19.0,,, produto163
262,19.0,,, produto163
1125,20.0,,, produto327
1080,20.0,,, produto327
1052,20.0,,, produto327
776,20.0,,, produto327
703,20.0,,, produto327
701,20.0,,, produto327
672,20.0,,, produto327
657,20.0,,, produto327
656,20.0,,, produto327
649,20.0,,, produto327
646,20.0,,, produto327
643,20.0,,, produto327
642,20.0,,, produto327
607,20.0,,, produto327
607,20.0,,, produto327
596,20.0,,, produto327
595,20.0,,, produto327
595,20.0,,, produto327
575,20.0,,, produto327
550,20.0,,, produto327
546,20.0,,, produto327
530,20.0,,, produto327
530,20.0,,, produto327
518,20.0,,, produto327
1118,12.0,, Bege c/ marinho e branco, produto347
1094,12.0,, Bege c/ marinho e branco, produto347
1040,12.0,, Todo bege, produto347
1038,12.0,, Preto c/ caramelo, produto347
1017,12.0,, Bege c/ marinho, produto347
1016,12.0,, Bege c/ marinho e branco, produto347
957,12.0,, Bege c/ marinho e branco, produto347
956,12.0,, Bege c/ marinho e branco, produto347
932,12.0,, Bege c/ marinho e bordô, produto347
915,12.0,, Marinho c/ bordô, produto347
915,12.0,, Todo bege, produto347
915,12.0,, Bege c/ marinho e branco, produto347
909,12.0,, Bege c/ marinho, produto347
906,12.0,, Bege c/ marinho e bordô, produto347
904,12.0,, Bege c/ marinho e branco, produto347
902,12.0,, Bege c/ marinho e bordô, produto347
851,12.0,, Todo bege, produto347
845,12.0,, Azul claro c/ índigo, produto347
808,12.0,, Bege c/ marinho e bordô, produto347
772,12.0,, Bege c/ marinho e branco, produto347
757,12.0,, Bege c/ marinho e branco, produto347
730,12.0,, Bege c/ marinho e branco, produto347
662,12.0,, Índigo c/ azul claro, produto347
652,12.0,, Índigo c/ azul claro, produto347
628,12.0,, Todo bege, produto347
557,12.0,, Azul claro c/ índigo, produto347
507,12.0,, Todo bordô, produto347
479,12.0,, Bege c/ marinho e bordô, produto347
479,12.0,, Marinho c/ bordô, produto347
479,12.0,, Todo bordô, produto347
479,12.0,, Todo bege, produto347
434,12.0,, Bege c/ marinho, produto347
434,12.0,, Todo bege, produto347
414,12.0,, Índigo c/ azul claro, produto347
414,12.0,, Bege c/ marinho, produto347
373,12.0,, Bege c/ marinho e bordô, produto347
188,12.0,, Azul claro c/ índigo, produto347
185,12.0,, Marinho c/ bordô, produto347
1116,39.95,3 anos,, produto155
818,39.95,4 anos,, produto155
1116,38.4,3 anos, Marfim com rosa, produto113
1106,45.0,2 anos,, produto138
1106,45.0,,, produto138
1097,45.0,2 anos,, produto138
1020,45.0,M,, produto138
1012,45.0,3 anos,, produto138
900,45.0,M,, produto138
893,45.0,G,, produto138
893,45.0,M,, produto138
892,45.0,,, produto138
728,45.0,3 anos,, produto138
700,45.0,2 anos,, produto138
699,45.0,3 anos,, produto138
1105,8.9,, Azul marinho, produto18
908,8.9,, Verde, produto18
906,8.9,, Azul marinho, produto18
896,8.9,, Caqui, produto18
864,8.9,, Azul marinho, produto18
728,8.9,, Verde, produto18
662,8.9,, Azul marinho, produto18
557,8.9,, Azul listrado, produto18
507,8.9,, Bordô, produto18
505,8.9,, Caqui, produto18
434,8.9,, Caqui, produto18
373,8.9,, Azul marinho, produto18
1103,137.9,P,, produto315
1103,37.0,P, Marfim com mescla, produto15
997,37.0,G, Mescla com marinho, produto15
962,52.9,G, Mescla com preto, produto15
844,42.3,M, Marfim com mescla, produto15
814,42.3,G, Marfim com mescla, produto15
621,52.9,M, Mescla com preto, produto15
1100,112.9,P,, produto314
1051,112.9,M,, produto314
824,112.9,M,, produto314
682,112.9,M,, produto314
670,112.9,M,, produto314
650,112.9,M,, produto314
619,112.9,P,, produto314
607,112.9,P,, produto314
591,112.9,M,, produto314
583,112.9,M,, produto314
559,112.9,M,, produto314
551,112.9,M,, produto314
477,112.9,G,, produto314
441,112.9,M,, produto314
1098,65.9,2 anos,, produto248
1046,65.9,2 anos,, produto248
810,65.9,2 anos,, produto248
1097,39.0,2 anos, Circo, produto124
1041,27.3,M, Fundo do mar bege, produto124
1018,27.3,1 ano, Fundo do mar bege, produto124
1017,27.3,1 ano, Fundo do mar bege, produto124
1008,27.3,2 anos, Fundo do mar bege, produto124
1006,27.3,G, Fundo do mar bege, produto124
990,27.3,1 ano, Fundo do mar bege, produto124
975,39.0,1 ano, Fundo do mar bege, produto124
955,39.0,2 anos, Fundo do mar bege, produto124
893,39.0,M, Circo, produto124
893,39.0,G, Circo, produto124
893,39.0,1 ano, Fundo do mar, produto124
893,39.0,M, Fundo do mar, produto124
893,39.0,P, Fundo do mar, produto124
893,39.0,M, Safari, produto124
893,39.0,P, Safari, produto124
893,39.0,P, Circo, produto124
885,39.0,1 ano, Circo, produto124
869,39.0,G, Safari, produto124
850,31.2,G, Fundo do mar, produto124
849,31.2,G, Safari, produto124
686,39.0,1 ano, Safari, produto124
1094,112.9,M,, produto306
807,112.9,P,, produto306
803,112.9,G,, produto306
802,112.9,G,, produto306
801,112.9,M,, produto306
800,112.9,M,, produto306
798,112.9,G,, produto306
784,112.9,M,, produto306
1094,18.45,1 ano, Cinza, produto206
862,18.45,1 ano, Preto, produto206
841,18.45,1 ano, Vermelho, produto206
829,18.45,1 ano, Rosa, produto206
1094,14.95,1 ano, Lilás, produto197
862,14.95,3 anos, Lilás, produto197
837,14.95,2 anos, Amarelo, produto197
825,14.95,2 anos, Marfim, produto197
825,14.95,2 anos, Amarelo, produto197
820,14.95,2 anos, Marfim, produto197
819,14.95,3 anos, Marfim, produto197
819,14.95,2 anos, Branco, produto197
819,14.95,3 anos, Rosa, produto197
1094,31.5,1 ano,, produto333
1017,31.5,3 anos,, produto333
1013,31.5,1 ano,, produto333
982,45.0,3 anos,, produto333
950,45.0,2 anos,, produto333
1082,19.0,, Bola futebol, produto123
993,19.0,, Ursinho amarelo, produto123
993,19.0,, Bola futebol, produto123
988,19.0,, Video-game, produto123
988,19.0,, Tigre laranja, produto123
417,19.0,, Video game, produto123
394,19.0,, Raposa óculos, produto123
185,19.0,, Verde jacaré, produto123
133,15.0,, Foguete marinho, produto123
1082,26.0,,, produto184
991,26.0,,, produto184
308,26.0,,, produto184
1082,44.0,M,, produto305
1020,44.0,M,, produto305
1082,139.9,1 ano,, produto229
1080,139.9,1 ano,, produto247
884,139.9,2 anos,, produto247
807,139.9,1 ano,, produto247
793,139.9,2 anos,, produto247
1079,27.9,G, Marfim, produto195
1002,27.9,M, Branco, produto195
856,31.9,M, Branco, produto195
625,39.9,M, Branco, produto195
610,39.9,G, Rosa, produto195
1079,32.1,G, Rosê com marfim, produto238
1069,35.4,, Rosa, produto20
998,35.4,, Rosa, produto20
998,35.4,, Rosa, produto20
610,59.0,, Rosa, produto20
531,41.3,, Rosa, produto20
1059,27.9,2 anos, Vermelho, produto214
887,39.9,P, Vermelho, produto214
887,39.9,M, Vermelho, produto214
875,39.9,M, Vermelho, produto214
870,39.9,P, Vermelho, produto214
865,39.9,M, Marfim, produto214
865,39.9,M, Vermelho, produto214
860,39.9,G, Vermelho, produto214
860,39.9,M, Marfim, produto214
858,39.9,G, Vermelho, produto214
787,39.9,P, Vermelho, produto214
768,39.9,1 ano, Vermelho, produto214
765,39.9,G, Marfim, produto214
755,39.9,G, Vermelho, produto214
753,39.9,P, Vermelho, produto214
731,39.9,G, Vermelho, produto214
717,39.9,M, Vermelho, produto214
711,39.9,P, Vermelho, produto214
705,39.9,M, Vermelho, produto214
695,39.9,1 ano, Marfim, produto214
667,39.9,G, Vermelho, produto214
1057,26.0,,, produto200
803,26.0,,, produto200
472,26.0,,, produto200
1046,69.9,2 anos,, produto73
955,69.9,2 anos,, produto73
876,69.9,1 ano,, produto73
1041,65.9,M,, produto204
972,65.9,G,, produto204
414,65.9,M,, produto204
1041,65.9,P,, produto93
1023,65.9,G,, produto93
961,65.9,G,, produto93
1035,104.9,P,, produto59
1034,27.9,G, Laranja, produto21
840,31.9,M, Azul floral, produto21
717,39.9,G, Laranja, produto21
622,39.9,M, Azul floral, produto21
620,39.9,P, Azul floral, produto21
610,39.9,G, Laranja, produto21
592,39.9,M, Azul floral, produto21
574,39.9,M, Azul floral, produto21
1033,56.9,M,, produto112
503,39.8,M,, produto112
1029,20.9,2 anos, Marinho, produto57
1017,20.9,2 anos, Preto, produto57
840,23.9,1 ano, Preto, produto57
815,23.9,3 anos, Preto, produto57
804,29.9,1 ano, Marinho, produto57
1027,45.4,3 anos, Mostarda, produto92
1021,45.4,4 anos, Mostarda, produto92
1007,45.4,3 anos, Mostarda, produto92
1004,45.4,2 anos, Azul Claro, produto92
999,45.4,3 anos, Azul Claro, produto92
989,45.4,1 ano, Mostarda, produto92
982,64.9,2 anos, Mostarda, produto92
974,64.9,3 anos, Azul Claro, produto92
973,64.9,1 ano, Azul Claro, produto92
970,64.9,2 anos, Mostarda, produto92
964,64.9,2 anos, Azul Claro, produto92
963,64.9,3 anos, Azul Claro, produto92
961,64.9,1 ano, Azul Claro, produto92
957,64.9,1 ano, Mostarda, produto92
955,64.9,2 anos, Azul Claro, produto92
950,64.9,2 anos, Mostarda, produto92
919,64.9,2 anos, Azul Claro, produto92
919,64.9,3 anos, Mostarda, produto92
896,64.9,1 ano, Azul Claro, produto92
797,64.9,2 anos, Azul Claro, produto92
730,64.9,1 ano, Azul Claro, produto92
699,64.9,3 anos, Azul Claro, produto92
697,64.9,2 anos, Azul Claro, produto92
696,64.9,3 anos, Azul Claro, produto92
693,64.9,2 anos, Azul Claro, produto92
651,64.9,1 ano, Mostarda, produto92
1024,37.0,M, Verde com marinho, produto30
991,37.0,M, Verde com marinho, produto30
1024,31.75,M, Amarelo, produto82
988,31.75,G, Amarelo, produto82
962,31.75,M, Azul claro, produto82
960,31.75,M, Azul claro, produto82
854,31.75,M, Azul claro, produto82
1024,25.15,M, Cinza, produto317
991,25.15,M, Cinza, produto317
854,25.15,M, Amarelo, produto317
849,25.15,G, Cinza, produto317
836,25.15,G, Cinza, produto317
830,25.15,M, Amarelo, produto317
536,29.3,P, Amarelo, produto317
512,29.3,G, Cinza, produto317
512,29.3,M, Amarelo, produto317
451,29.3,G, Branco, produto317
125,41.9,M, Amarelo, produto317
1023,65.9,M,, produto310
972,65.9,M,, produto310
962,65.9,M,, produto310
961,65.9,G,, produto310
932,65.9,G,, produto310
1021,25.1,M, Rosa, produto292
832,25.15,G, Marfim, produto292
829,25.15,M, Branco, produto292
815,25.15,G, Rosa, produto292
625,41.9,G, Marfim, produto292
538,29.3,M, Rosa, produto292
327,33.5,G, Rosa, produto292
306,33.5,M, Marfim, produto292
1021,27.0,4 anos, Azul, produto339
1017,27.0,1 ano, Azul, produto339
989,27.0,1 ano, Azul, produto339
843,27.0,3 anos, Vermelho, produto339
602,45.0,1 ano, Azul, produto339
519,31.5,3 anos, Azul, produto339
438,36.0,4 anos, Vermelho, produto339
1021,54.95,4 anos,, produto201
1017,59.9,G, Azul Claro, produto332
972,59.9,P, Azul Claro, produto332
954,59.9,G, Azul Claro, produto332
952,59.9,G, Azul Claro, produto332
951,59.9,M, Azul Claro, produto332
948,59.9,G, Mostarda, produto332
947,59.9,P, Mostarda, produto332
946,59.9,P, Azul Claro, produto332
936,59.9,M, Mostarda, produto332
934,59.9,G, Mostarda, produto332
932,59.9,G, Mostarda, produto332
900,59.9,M, Azul Claro, produto332
891,59.9,G, Mostarda, produto332
869,59.9,G, Azul Claro, produto332
853,59.9,P, Azul Claro, produto332
835,59.9,P, Mostarda, produto332
835,59.9,M, Azul Claro, produto332
806,59.9,M, Azul Claro, produto332
751,59.9,M, Azul Claro, produto332
748,59.9,M, Mostarda, produto332
741,59.9,P, Mostarda, produto332
713,59.9,P, Mostarda, produto332
679,59.9,G, Azul Claro, produto332
1013,69.9,1 ano,, produto165
1011,14.4,1 ano, Cinza, produto149
830,14.4,3 anos, Azul, produto149
815,14.4,3 anos, Cinza, produto149
779,24.0,3 anos, Cinza, produto149
453,16.8,2 anos, Cinza, produto149
1011,14.35,1 ano,, produto350
1009,96.5,P,, produto109
1008,44.0,3 anos,, produto150
1008,22.3,2 anos, Mescla, produto145
580,31.9,2 anos, Preto, produto145
1003,16.2,P, Marinho, produto269
935,16.2,P, Marinho, produto269
924,16.2,G, Índigo, produto269
891,16.2,G, Índigo, produto269
834,16.2,P, Índigo, produto269
713,18.9,M, Índigo, produto269
512,18.9,M, Marinho, produto269
511,18.9,M, Índigo, produto269
445,18.9,M, Marinho, produto269
308,27.0,P, Índigo, produto269
221,27.0,G, Índigo, produto269
185,27.0,G, Índigo, produto269
114,27.0,P, Índigo, produto269
109,27.0,G, Marinho, produto269
1002,14.95,P, Azul gatinho, produto61
960,14.95,P, Azul Claro, produto61
918,14.95,P, Azul dinossauro, produto61
854,14.95,P, Azul gatinho, produto61
820,14.95,M, Azul dinossauro, produto61
818,14.95,M, Verde, produto61
1002,112.9,M,, produto304
1002,20.2,G, Rosa Claro, produto316
856,23.1,G, Rosa Claro, produto316
855,23.1,GG, Rosa Claro, produto316
835,23.1,G, Rosê, produto316
835,23.1,M, Rosa Claro, produto316
825,23.1,GG, Rosê, produto316
780,28.9,G, Rosê, produto316
755,28.9,M, Rosa Claro, produto316
744,28.9,GG, Rosê, produto316
732,28.9,M, Rosê, produto316
732,28.9,P, Rosa Claro, produto316
694,28.9,P, Rosê, produto316
689,28.9,P, Rosê, produto316
1002,51.0,M, Rosa Claro, produto8
822,58.3,P, Rosê, produto8
754,72.9,P, Rosê, produto8
717,72.9,G, Rosê, produto8
657,72.9,M, Rosê, produto8
627,72.9,P, Rosa Claro, produto8
1002,50.95,G,, produto294
457,59.4,M,, produto294
997,34.2,G, Marinho, produto274
844,39.1,M, Marinho, produto274
839,39.1,P, Marinho, produto274
829,39.1,G, Preto, produto274
724,48.9,P, Preto, produto274
621,48.9,M, Marinho, produto274
991,23.95,P,, produto22
854,23.95,P,, produto22
526,27.9,1 ano,, produto22
264,31.9,P,, produto22
991,47.95,, Azul Claro, produto162
877,47.95,, Azul Claro, produto162
846,47.95,, Bordô, produto162
141,79.9,, Azul Claro, produto162
989,39.0,1 ano, Listrado, produto6
887,39.0,G, Liso, produto6
847,39.0,1 ano, Liso, produto6
770,39.0,P, Liso, produto6
662,39.0,G, Liso, produto6
562,39.0,1 ano, Listrado, produto6
515,39.0,2 anos, Liso, produto6
505,39.0,2 anos, Liso, produto6
263,39.0,1 ano, Liso, produto6
154,39.0,2 anos, Liso, produto6
984,31.4,P, Azul folhagens, produto323
961,44.9,P, Verde folhagens, produto323
565,44.9,G, Praia, produto323
982,74.9,2 anos,, produto252
505,74.9,2 anos,, produto252
982,65.9,2 anos,, produto218
973,65.9,G,, produto156
713,65.9,M,, produto156
973,65.9,G,, produto202
958,65.9,M,, produto202
527,46.1,P,, produto202
971,139.9,2 anos,, produto166
761,139.9,2 anos,, produto166
716,139.9,1 ano,, produto166
561,139.9,1 ano,, produto166
967,37.15,,, produto198
842,37.15,,, produto198
260,49.5,,, produto198
257,49.5,,, produto198
967,35.95,, Bordô, produto192
846,35.95,, Azul claro, produto192
842,35.95,, Bordô, produto192
814,35.95,, Azul claro, produto192
814,35.95,, Bordô, produto192
967,56.9,P,, produto99
902,56.9,G,, produto99
892,56.9,G,, produto99
808,56.9,M,, produto99
967,96.5,P,, produto72
967,88.1,P, Azul Claro, produto322
521,88.1,P, Azul Claro, produto322
194,125.9,P, Azul Claro, produto322
961,71.9,GG,, produto260
891,71.9,GG,, produto260
808,71.9,G,, produto260
748,71.9,M,, produto260
634,71.9,GG,, produto260
633,71.9,GG,, produto260
609,71.9,P,, produto260
960,59.9,P,, produto87
960,69.9,M,, produto77
907,69.9,G,, produto77
808,69.9,M,, produto77
766,69.9,M,, produto77
960,5.0,P,, produto227
908,5.0,G,, produto227
896,5.0,G,, produto227
565,5.0,G,, produto227
511,5.0,P,, produto227
496,5.0,G,, produto227
423,5.0,G,, produto227
394,5.0,P,, produto227
377,5.0,G,, produto227
373,5.0,G,, produto227
285,5.0,G,, produto227
269,5.0,P,, produto227
251,5.0,P,, produto227
221,5.0,G,, produto227
185,5.0,G,, produto227
156,5.0,G,, produto227
137,5.0,G,, produto227
121,5.0,G,, produto227
960,24.0,,, produto221
326,24.0,,, produto221
252,24.0,,, produto221
960,15.0,P, Azul, produto268
818,15.0,M, Azul, produto268
274,25.0,M, Mescla claro, produto268
274,25.0,M, Mescla escuro, produto268
274,25.0,M, Azul, produto268
960,32.0,,, produto110
730,32.0,,, produto110
712,32.0,,, produto110
692,32.0,,, produto110
955,26.0,,, produto217
955,26.0,,, produto217
955,26.0,,, produto217
387,26.0,,, produto217
371,26.0,,, produto217
359,26.0,,, produto217
316,26.0,,, produto217
252,26.0,,, produto217
252,26.0,,, produto217
200,26.0,,, produto217
184,26.0,,, produto217
184,26.0,,, produto217
183,26.0,,, produto217
183,26.0,,, produto217
955,65.9,1 ano,, produto49
780,65.9,3 anos,, produto49
939,17.4,P, Preto, produto159
939,17.4,P, Marfim, produto159
770,20.3,P, Marfim, produto159
528,20.3,G, Marfim, produto159
528,20.3,G, Marinho, produto159
939,31.1,P, Rosa com marinho, produto47
841,31.1,G, Rosa com marinho, produto47
782,36.3,G, Rosa com marinho, produto47
939,37.75,P, Mescla, produto318
854,37.75,P, Mescla, produto318
818,37.75,M, Mescla, produto318
451,44.0,M, Preto, produto318
272,62.9,M, Preto, produto318
185,62.9,G, Preto, produto318
937,69.9,M,, produto249
768,69.9,G,, produto249
929,112.9,P,, produto231
775,112.9,P,, produto231
749,112.9,G,, produto231
738,112.9,G,, produto231
729,112.9,G,, produto231
727,112.9,G,, produto231
710,112.9,P,, produto231
707,112.9,P,, produto231
704,112.9,M,, produto231
703,112.9,P,, produto231
701,112.9,M,, produto231
688,112.9,P,, produto231
686,112.9,G,, produto231
683,112.9,G,, produto231
661,112.9,M,, produto231
649,112.9,P,, produto231
646,112.9,P,, produto231
644,112.9,M,, produto231
631,112.9,G,, produto231
623,112.9,P,, produto231
616,112.9,M,, produto231
614,112.9,P,, produto231
603,112.9,M,, produto231
594,112.9,P,, produto231
587,112.9,M,, produto231
586,112.9,M,, produto231
549,112.9,M,, produto231
547,112.9,G,, produto231
541,112.9,M,, produto231
532,112.9,G,, produto231
529,112.9,G,, produto231
518,112.9,M,, produto231
517,112.9,G,, produto231
516,112.9,M,, produto231
504,112.9,M,, produto231
501,112.9,M,, produto231
487,112.9,G,, produto231
482,112.9,M,, produto231
481,112.9,P,, produto231
467,112.9,M,, produto231
313,112.9,G,, produto231
225,112.9,P,, produto231
928,59.9,M,, produto178
840,35.95,M,, produto178
827,35.95,G,, produto178
821,35.95,G,, produto178
664,59.9,M,, produto178
926,29.95,3 anos, Marinho, produto275
750,31.4,M, Azul Claro, produto275
556,34.9,3 anos, Marinho, produto275
537,34.9,3 anos, Azul Claro, produto275
522,34.9,3 anos, Azul Claro, produto275
509,34.9,3 anos, Marinho, produto275
497,31.4,M, Azul Claro, produto275
496,31.4,G, Azul Claro, produto275
478,34.9,3 anos, Marinho, produto275
470,34.9,2 anos, Azul Claro, produto275
459,34.9,3 anos, Marinho, produto275
455,34.9,3 anos, Marinho, produto275
446,34.9,2 anos, Azul Claro, produto275
444,34.9,1 ano, Marinho, produto275
444,34.9,1 ano, Azul Claro, produto275
442,34.9,2 anos, Marinho, produto275
433,44.9,M, Azul Claro, produto275
428,44.9,G, Azul Claro, produto275
427,44.9,G, Marinho, produto275
423,44.9,G, Marinho, produto275
418,49.9,1 ano, Marinho, produto275
417,49.9,3 anos, Azul Claro, produto275
416,44.9,M, Azul Claro, produto275
411,49.9,1 ano, Azul Claro, produto275
404,44.9,M, Azul Claro, produto275
378,49.9,1 ano, Azul Claro, produto275
375,49.9,1 ano, Marinho, produto275
368,49.9,2 anos, Azul Claro, produto275
364,44.9,M, Marinho, produto275
360,44.9,G, Marinho, produto275
360,44.9,M, Marinho, produto275
358,49.9,2 anos, Marinho, produto275
356,44.9,G, Marinho, produto275
355,44.9,G, Marinho, produto275
349,44.9,M, Marinho, produto275
345,49.9,3 anos, Azul Claro, produto275
345,49.9,2 anos, Marinho, produto275
317,49.9,3 anos, Marinho, produto275
298,49.9,1 ano, Marinho, produto275
293,44.9,M, Marinho, produto275
270,44.9,G, Azul Claro, produto275
266,49.9,2 anos, Marinho, produto275
265,44.9,G, Marinho, produto275
253,49.9,1 ano, Marinho, produto275
229,44.9,G, Marinho, produto275
229,44.9,M, Azul Claro, produto275
220,49.9,1 ano, Azul Claro, produto275
215,49.9,2 anos, Marinho, produto275
211,44.9,G, Marinho, produto275
207,44.9,G, Marinho, produto275
193,49.9,3 anos, Marinho, produto275
171,49.9,2 anos, Azul Claro, produto275
159,44.9,G, Azul Claro, produto275
151,49.9,1 ano, Azul Claro, produto275
151,49.9,1 ano, Marinho, produto275
147,44.9,G, Azul Claro, produto275
143,49.9,3 anos, Marinho, produto275
143,49.9,3 anos, Azul Claro, produto275
137,49.9,1 ano, Azul Claro, produto275
128,49.9,2 anos, Azul Claro, produto275
125,44.9,G, Marinho, produto275
122,44.9,M, Marinho, produto275
121,44.9,G, Azul Claro, produto275
120,44.9,M, Azul Claro, produto275
922,149.9,M,, produto125
615,149.9,G,, produto125
894,139.9,1 ano,, produto41
891,19.0,,, produto146
474,19.0,,, produto146
474,19.0,,, produto146
891,89.9,1 ano,, produto211
835,89.9,M,, produto211
887,28.45,P,, produto3
887,28.45,G,, produto3
679,34.15,M,, produto3
590,34.15,G,, produto3
302,34.15,G,, produto3
887,47.95,M,, produto281
887,47.0,4 anos,, produto329
833,47.0,4 anos,, produto329
874,47.95,,, produto341
846,47.95,,, produto341
834,47.95,,, produto341
147,79.9,,, produto341
141,79.9,,, produto341
873,96.5,P,, produto85
469,96.5,P,, produto85
255,137.9,P,, produto85
872,112.9,M,, produto224
691,112.9,M,, produto224
677,112.9,M,, produto224
674,112.9,M,, produto224
637,112.9,G,, produto224
636,112.9,G,, produto224
558,112.9,G,, produto224
554,112.9,G,, produto224
546,112.9,M,, produto224
520,112.9,G,, produto224
510,112.9,M,, produto224
871,69.9,2 anos,, produto191
843,69.9,3 anos,, produto191
869,24.6,M, Listrada, produto225
766,28.7,M, Listrada, produto225
652,28.7,P, Listrada, produto225
606,28.7,G, Preto, produto225
483,28.7,4 anos, Preto, produto225
185,41.0,M, Listrada, produto225
116,41.0,P, Marinho, produto225
114,41.0,P, Preto, produto225
865,24.0,,, produto128
862,24.0,,, produto128
622,24.0,,, produto128
864,35.95,P,, produto167
853,35.95,P,, produto167
862,15.0,3 anos, Mescla, produto205
855,15.0,3 anos, Rosê, produto205
855,15.0,3 anos, Bordô, produto205
855,15.0,3 anos, Rosa, produto205
474,17.5,1 ano, Preto, produto205
347,25.0,2 anos, Preto, produto205
347,25.0,2 anos, Rosê, produto205
347,25.0,2 anos, Mescla, produto205
862,8.45,, Marfim, produto16
818,8.45,12 anos, Pink, produto16
862,23.4,2 anos,, produto282
835,23.4,2 anos,, produto282
717,39.0,G,, produto282
595,39.0,1 ano,, produto282
531,27.3,G,, produto282
518,27.3,M,, produto282
474,27.3,G,, produto282
403,31.2,P,, produto282
334,31.2,P,, produto282
252,31.2,P,, produto282
102,39.0,M,, produto282
101,39.0,P,, produto282
861,34.75,P, Marfim com preto, produto176
511,40.5,M, Marfim com preto, produto176
450,40.5,G, Marinho, produto176
114,57.9,P, Marfim com preto, produto176
861,37.75,P, Preto, produto250
788,44.0,P, Azul, produto250
713,44.0,P, Preto, produto250
511,44.0,M, Azul, produto250
379,62.9,M, Azul, produto250
353,62.9,P, Azul, produto250
351,62.9,G, Preto, produto250
349,62.9,M, Preto, produto250
860,27.0,GG, Rosa, produto337
735,31.5,GG, Rosa, produto337
541,31.5,M, Rosa, produto337
855,35.95,4 anos,, produto271
813,35.95,4 anos,, produto271
855,16.8,3 anos, Branco, produto346
347,28.0,2 anos, Rosa, produto346
854,39.9,3 anos, Listrado, produto129
854,23.95,M,, produto264
832,23.95,M,, produto264
526,27.9,M,, produto264
512,27.9,M,, produto264
161,39.9,M,, produto264
854,26.95,3 anos, Blusa marfim, produto320
825,26.95,2 anos, Blusa marfim, produto320
132,44.9,3 anos, Blusa rosa, produto320
850,31.2,M, Verde, produto325
840,31.2,P, Jeans, produto325
840,31.2,M, Verde, produto325
818,31.2,G, Jeans, produto325
792,39.0,1 ano, Jeans, produto325
770,39.0,P, Verde, produto325
751,39.0,G, Jeans, produto325
724,39.0,P, Jeans, produto325
714,39.0,1 ano, Verde, produto325
706,39.0,M, Jeans, produto325
680,39.0,1 ano, Jeans, produto325
651,39.0,1 ano, Verde, produto325
634,39.0,1 ano, Jeans, produto325
633,39.0,1 ano, Jeans, produto325
846,47.95,P,, produto95
844,11.95,P, Cinza, produto107
486,13.9,P, Marinho, produto107
841,47.35,1 ano, Rosa Claro, produto10
478,55.2,3 anos, Rosa Claro, produto10
459,55.2,1 ano, Rosa Claro, produto10
454,55.2,1 ano, Rosa Claro, produto10
436,78.9,3 anos, Rosa Claro, produto10
435,78.9,2 anos, Rosa Claro, produto10
430,78.9,3 anos, Rosa Claro, produto10
402,78.9,1 ano, Rosa Claro, produto10
398,78.9,1 ano, Rosa Claro, produto10
394,78.9,2 anos, Rosa Claro, produto10
392,78.9,2 anos, Rosa Claro, produto10
361,78.9,3 anos, Rosa Claro, produto10
354,78.9,1 ano, Rosa Claro, produto10
348,78.9,1 ano, Rosa Claro, produto10
347,78.9,2 anos, Rosa Claro, produto10
346,78.9,2 anos, Rosa Claro, produto10
346,78.9,3 anos, Rosê, produto10
341,78.9,2 anos, Rosa Claro, produto10
307,78.9,1 ano, Rosa Claro, produto10
235,78.9,3 anos, Rosa Claro, produto10
233,78.9,2 anos, Rosê, produto10
228,78.9,2 anos, Rosê, produto10
118,78.9,3 anos, Mescla, produto10
106,78.9,2 anos, Rosa, produto10
841,37.75,M, Marfim com preto, produto114
713,44.0,P, Marinho, produto114
428,62.9,G, Marinho, produto114
401,62.9,P, Marinho, produto114
379,62.9,M, Preto, produto114
353,62.9,P, Marfim com preto, produto114
332,62.9,M, Marinho, produto114
257,62.9,M, Marfim com preto, produto114
185,62.9,G, Marfim com preto, produto114
841,65.9,M,, produto244
400,65.9,M,, produto244
123,65.9,M,, produto244
840,19.5,M,, produto330
275,31.2,M,, produto330
243,31.2,G,, produto330
837,29.95,3 anos,, produto7
835,89.9,G,, produto101
835,69.9,4 anos,, produto207
728,69.9,4 anos,, produto207
146,69.9,4 anos,, produto207
835,41.95,4 anos,, produto33
483,48.9,4 anos,, produto33
835,57.5,4 anos,, produto13
765,69.0,1 ano,, produto13
264,69.0,4 anos,, produto13
835,57.5,4 anos,, produto140
765,69.0,1 ano,, produto140
394,69.0,2 anos,, produto140
834,47.95,, Mescla, produto262
760,55.9,, Mescla, produto262
185,79.9,, Mescla, produto262
141,79.9,, Mescla, produto262
833,47.0,4 anos,, produto96
175,56.4,3 anos,, produto96
832,15.0,P, Mescla, produto103
832,15.0,P, Rosa, produto103
405,25.0,P, Rosa, produto103
348,25.0,G, Rosa, produto103
331,25.0,P, Salmão, produto103
321,25.0,G, Mescla, produto103
321,25.0,G, Salmão, produto103
318,25.0,G, Rosa, produto103
245,25.0,M, Salmão, produto103
245,25.0,M, Rosa, produto103
832,16.8,G, Dinossauros, produto179
832,16.8,G, Ursinho rosa, produto179
735,19.6,G, Ursinho rosa, produto179
706,19.6,P, Dinossauros, produto179
301,28.0,M, Ursinho rosa, produto179
283,28.0,G, Ursinho rosa, produto179
157,28.0,M, Borboletas fundo verde, produto179
829,37.75,G, Rosa com mescla, produto136
783,44.0,M, Rosa com mescla, produto136
541,44.0,M, Rosa com mescla, produto136
475,44.0,P, Rosa com mescla, produto136
466,44.0,G, Rosa com mescla, produto136
369,62.9,P, Rosa com mescla, produto136
365,62.9,M, Rosa com mescla, produto136
252,62.9,P, Rosa com mescla, produto136
225,62.9,P, Marfim com salmão, produto136
198,62.9,M, Rosa com mescla, produto136
195,62.9,G, Marfim com salmão, produto136
164,62.9,M, Marfim com salmão, produto136
826,11.95,3 anos, Marfim, produto98
820,11.95,3 anos, Branco, produto98
819,11.95,1 ano, Vermelho, produto98
817,11.95,3 anos, Marfim, produto98
453,13.9,2 anos, Marfim, produto98
820,8.45,12 anos, Verde, produto26
820,8.45,, Branco, produto26
818,8.45,8 anos, Verde, produto26
818,8.45,8 anos, Vermelho, produto26
817,8.45,4 anos, Branco, produto26
819,23.95,2 anos, Rosa, produto46
819,14.35,1 ano, Azul, produto118
211,19.1,2 anos, Verde, produto118
105,23.9,1 ano, Azul, produto118
818,59.9,3 anos,, produto143
818,14.4,M, Azul, produto196
528,16.8,G, Marfim, produto196
512,16.8,M, Azul, produto196
512,16.8,M, Marfim, produto196
327,19.2,G, Azul, produto196
818,52.5,4 anos,, produto131
765,63.0,1 ano,, produto131
652,63.0,1 ano,, produto131
307,63.0,1 ano,, produto131
818,14.95,1 ano,, produto137
815,23.95,M, Rosa listrado, produto230
689,39.9,P, Rosa listrado, produto230
813,19.2,3 anos, Marfim, produto62
455,22.4,3 anos, Preto, produto62
455,22.4,2 anos, Marinho, produto62
455,22.4,2 anos, Marfim, produto62
808,19.9,P, Azul, produto25
486,13.9,P, Azul, produto25
271,15.9,P, Azul, produto25
802,62.9,P, Rosê coqueiro, produto171
610,62.9,G, Rosê coqueiro, produto171
563,62.9,GG, Preto poá, produto171
548,62.9,M, Preto poá, produto171
796,139.9,2 anos,, produto50
756,139.9,2 anos,, produto50
686,139.9,2 anos,, produto50
672,139.9,2 anos,, produto50
645,139.9,2 anos,, produto50
632,139.9,1 ano,, produto50
550,139.9,2 anos,, produto50
508,129.9,1 ano,, produto50
790,52.4,RN,, produto78
787,45.0,P, Laranja, produto28
334,36.0,P, Rosa, produto28
301,36.0,M, Laranja, produto28
252,36.0,P, Rosa, produto28
225,36.0,M, Rosa, produto28
126,45.0,1 ano, Rosa, produto28
785,149.9,P,, produto69
778,112.9,M,, produto170
767,112.9,M,, produto170
742,112.9,P,, produto170
737,112.9,P,, produto170
643,112.9,M,, produto170
776,112.9,M,, produto117
731,112.9,M,, produto117
687,112.9,G,, produto117
684,112.9,G,, produto117
663,112.9,G,, produto117
627,112.9,P,, produto117
775,112.9,G,, produto309
771,112.9,G,, produto309
752,112.9,M,, produto309
720,112.9,G,, produto309
719,112.9,G,, produto309
698,112.9,G,, produto309
640,112.9,G,, produto309
772,59.9,M,, produto276
769,139.9,1 ano,, produto180
759,139.9,2 anos,, produto19
759,139.9,1 ano,, produto19
748,62.9,M,, produto300
748,62.9,M, Verde com preto, produto213
565,62.9,G, Verde com preto, produto213
746,65.9,2 anos,, produto89
745,139.9,2 anos,, produto75
322,129.9,2 anos,, produto75
732,65.9,M,, produto161
590,65.9,G,, produto161
724,76.9,P,, produto312
527,53.8,M,, produto312
177,61.5,P,, produto312
166,61.5,3 anos,, produto312
717,29.9,M, Vermelho, produto183
579,29.9,P, Rosa médio, produto183
497,20.9,M, Preto, produto183
412,23.9,P, Vermelho, produto183
334,23.9,P, Pink, produto183
301,23.9,M, Pink, produto183
180,23.9,P, Vermelho, produto183
717,59.0,, Rosa, produto17
531,41.3,, Marfim, produto17
397,47.2,, Marfim, produto17
708,37.0,G, Marfim, produto32
394,52.9,P, Marfim, produto32
333,52.9,G, Marinho, produto32
272,52.9,M, Preto, produto32
269,52.9,G, Marinho, produto32
251,52.9,G, Marfim, produto32
203,52.9,P, Marfim, produto32
203,52.9,P, Preto, produto32
185,52.9,G, Marinho, produto32
706,74.9,P,, produto189
512,74.9,P,, produto189
264,85.6,P,, produto189
168,85.6,P,, produto189
701,11.95,M,, produto4
686,112.9,1 ano,, produto56
589,112.9,1 ano,, produto56
535,112.9,1 ano,, produto56
679,45.4,1 ano, Cinza com calça marinho, produto289
679,45.4,1 ano, Preto com calça cinza, produto289
453,45.4,2 anos, Marfim com calça azul, produto289
323,64.9,3 anos, Marfim com calça azul, produto289
182,64.9,3 anos, Preto com calça cinza, produto289
656,112.9,2 anos,, produto63
480,112.9,1 ano,, produto63
431,112.9,1 ano,, produto63
409,112.9,2 anos,, produto63
654,41.0,1 ano, Branco, produto203
527,41.0,P, Branco, produto203
191,41.0,2 anos, Branco, produto203
146,41.0,4 anos, Branco, produto203
634,59.9,1 ano,, produto239
601,59.9,3 anos,, produto239
634,76.9,GG, Caramelo, produto334
600,76.9,M, Caramelo, produto334
626,96.5,P,, produto182
537,96.5,P,, produto182
618,112.9,2 anos,, produto42
595,112.9,2 anos,, produto42
610,65.9,G,, produto173
610,54.9,G, Rosa, produto91
610,54.9,G, Marinho, produto91
610,76.9,G,, produto133
597,54.9,2 anos, Rosa com mescla, produto100
597,49.9,4 anos, Morango, produto168
596,139.9,1 ano,, produto237
575,139.9,1 ano,, produto237
544,139.9,2 anos,, produto237
593,112.9,M,, produto240
585,47.9,4 anos,, produto288
577,54.9,1 ano, Branco com marinho, produto220
576,85.4,P,, produto226
568,85.4,P,, produto226
574,40.5,M, Mescla com blusa marfim, produto104
552,40.5,M, Mescla com blusa marfim, produto104
548,40.5,M, Mescla com blusa marfim, produto104
304,57.9,G, Mescla com blusa marfim, produto104
301,57.9,G, Mescla com blusa rosa, produto104
225,57.9,P, Mescla com blusa marfim, produto104
169,57.9,M, Rosa com blusa branca, produto104
165,57.9,P, Rosa com blusa branca, produto104
573,37.0,G, Mescla, produto236
462,37.0,G, Azul, produto236
394,52.9,P, Mescla, produto236
379,52.9,M, Mescla, produto236
342,52.9,M, Marfim, produto236
243,52.9,M, Marfim, produto236
556,15.0,G, Bordô, produto120
386,15.0,G, Bordô, produto120
348,15.0,G, Rosê, produto120
323,15.0,1 ano, Bordô, produto120
284,15.0,G, Rosê, produto120
226,15.0,G, Rosê, produto120
199,15.0,1 ano, Rosê, produto120
163,15.0,1 ano, Rosê, produto120
556,34.9,1 ano, Rosa Claro, produto290
465,31.4,G, Rosa Claro, produto290
464,31.4,G, Rosa Claro, produto290
460,34.9,3 anos, Rosa Claro, produto290
459,31.4,G, Rosê, produto290
458,31.4,G, Rosa Claro, produto290
443,31.4,M, Rosê, produto290
435,49.9,3 anos, Rosa Claro, produto290
420,49.9,1 ano, Rosê, produto290
408,44.9,M, Rosê, produto290
404,44.9,G, Rosê, produto290
394,49.9,2 anos, Rosa Claro, produto290
386,44.9,G, Rosê, produto290
381,49.9,1 ano, Rosê, produto290
381,49.9,1 ano, Rosa Claro, produto290
374,44.9,G, Rosê, produto290
366,44.9,M, Rosê, produto290
366,44.9,M, Rosa Claro, produto290
365,44.9,M, Rosê, produto290
360,49.9,1 ano, Rosa Claro, produto290
357,44.9,M, Rosê, produto290
348,49.9,1 ano, Rosê, produto290
347,49.9,2 anos, Rosê, produto290
346,49.9,2 anos, Rosê, produto290
335,49.9,1 ano, Rosa Claro, produto290
331,44.9,M, Rosa Claro, produto290
329,49.9,3 anos, Rosê, produto290
327,44.9,G, Rosê, produto290
320,44.9,M, Rosa Claro, produto290
320,44.9,G, Rosê, produto290
318,44.9,G, Rosê, produto290
312,49.9,2 anos, Rosa Claro, produto290
307,49.9,1 ano, Rosa Claro, produto290
300,49.9,1 ano, Rosa Claro, produto290
297,49.9,1 ano, Rosê, produto290
297,49.9,2 anos, Rosa Claro, produto290
286,44.9,M, Rosê, produto290
267,49.9,3 anos, Rosa Claro, produto290
262,49.9,3 anos, Rosê, produto290
254,44.9,M, Rosa Claro, produto290
250,49.9,1 ano, Rosê, produto290
241,44.9,M, Rosê, produto290
238,44.9,G, Rosa Claro, produto290
238,44.9,G, Rosê, produto290
235,49.9,3 anos, Rosê, produto290
233,49.9,2 anos, Rosê, produto290
229,49.9,1 ano, Rosê, produto290
229,44.9,M, Rosa Claro, produto290
225,44.9,M, Rosê, produto290
210,49.9,1 ano, Rosê, produto290
207,44.9,G, Rosê, produto290
200,44.9,M, Rosa Claro, produto290
199,49.9,2 anos, Rosa Claro, produto290
199,49.9,1 ano, Rosê, produto290
198,44.9,M, Rosê, produto290
195,44.9,G, Rosê, produto290
163,49.9,3 anos, Rosê, produto290
150,49.9,1 ano, Rosa Claro, produto290
150,44.9,G, Rosê, produto290
142,49.9,2 anos, Rosê, produto290
134,44.9,M, Rosê, produto290
124,49.9,2 anos, Rosê, produto290
123,44.9,M, Rosa Claro, produto290
119,49.9,2 anos, Rosa Claro, produto290
118,49.9,3 anos, Rosê, produto290
118,49.9,2 anos, Rosa Claro, produto290
115,44.9,M, Rosê, produto290
113,49.9,2 anos, Rosê, produto290
106,49.9,2 anos, Rosê, produto290
106,49.9,2 anos, Rosa Claro, produto290
556,74.9,, Rosê, produto111
488,74.9,, Rosê, produto111
326,85.6,, Rosê, produto111
541,37.0,M, Branco, produto43
525,37.0,M, Salmão, produto43
520,37.0,G, Rosa, produto43
489,37.0,G, Rosa, produto43
352,52.9,M, Branco, produto43
174,52.9,P, Salmão, produto43
540,88.1,, Pêssego, produto141
469,88.1,, Pêssego, produto141
294,125.9,, Rosê, produto141
538,20.9,M, Rosa âncora, produto127
495,20.9,M, Jeans, produto127
457,20.9,M, Jeans, produto127
448,20.9,G, Listrado rosa, produto127
403,23.9,M, Jeans, produto127
393,23.9,P, Listrado rosa, produto127
301,23.9,M, Floral marinho, produto127
277,29.9,G, Azul geométrico, produto127
277,23.9,M, Listrado rosa, produto127
262,23.9,P, Jeans, produto127
256,23.9,M, Floral marinho, produto127
256,29.9,G, Jeans, produto127
256,29.9,G, Listrado rosa, produto127
225,23.9,P, Azul geométrico, produto127
537,104.9,,, produto121
494,104.9,,, produto121
449,104.9,,, produto121
299,149.9,,, produto121
160,149.9,,, produto121
150,149.9,,, produto121
140,149.9,,, produto121
530,112.9,G,, produto154
485,112.9,M,, produto154
474,112.9,G,, produto154
528,21.0,G, Azul marinho, produto344
507,21.0,G, Vermelho, produto344
261,24.0,M, Azul marinho, produto344
188,24.0,G, Azul claro, produto344
526,37.8,GG, Marinho, produto351
512,37.8,M, Marinho, produto351
511,37.8,G, Marinho, produto351
502,37.8,M, Marinho, produto351
116,54.0,P, Marinho, produto351
107,54.0,GG, Marinho, produto351
526,31.4,1 ano, Camisa azul, produto234
525,51.7,,, produto51
326,73.9,,, produto51
164,73.9,,, produto51
525,58.0,, Rosê, produto60
367,82.9,, Rosa Claro, produto60
514,48.65,P, Rosa, produto158
389,49.9,M, Rosa, produto158
331,49.9,M, Rosa, produto158
326,49.9,P, Rosa, produto158
244,48.65,G, Rosa, produto158
169,48.65,G, Bordô, produto158
144,48.65,P, Rosa, produto158
130,48.65,M, Rosa, produto158
507,46.1,G,, produto172
499,104.9,,, produto258
456,104.9,,, produto258
439,104.9,,, produto258
492,44.0,M, Mescla com rosa, produto210
310,62.9,G, Marfim com salmão, produto210
302,62.9,M, Rosa com mescla, produto210
273,62.9,G, Marfim com salmão, produto210
225,62.9,P, Marfim com salmão, produto210
196,62.9,G, Marfim com salmão, produto210
177,62.9,P, Marfim com salmão, produto210
488,41.9,M,, produto253
393,47.9,M,, produto253
486,104.9,,, produto65
478,48.2,3 anos, Mescla, produto108
347,68.9,2 anos, Mescla, produto108
300,68.9,1 ano, Mescla, produto108
152,68.9,3 anos, Mescla, produto108
119,68.9,2 anos, Mescla, produto108
469,55.9,, Bordô, produto297
432,63.9,, Bordô, produto297
326,63.9,, Rosa, produto297
174,63.9,, Rosa, produto297
130,79.9,, Bordô, produto297
469,96.5,,, produto222
461,96.5,,, produto222
380,137.9,,, produto222
315,137.9,,, produto222
469,88.1,RN,, produto67
466,20.3,G, Azul, produto12
464,20.3,G, Caramelo, produto12
462,25.6,1 ano, Rosa Claro, produto12
462,20.3,G, Rosa Claro, produto12
460,25.6,1 ano, Rosa Claro, produto12
452,20.3,G, Azul, produto12
450,22.4,1 ano, Caramelo, produto12
448,20.3,M, Rosa Claro, produto12
446,22.4,2 anos, Azul, produto12
446,22.4,2 anos, Caramelo, produto12
444,22.4,1 ano, Caramelo, produto12
443,20.3,M, Rosa Claro, produto12
438,29.0,G, Azul, produto12
437,29.0,G, Rosa Claro, produto12
436,32.0,1 ano, Rosa Claro, produto12
435,32.0,1 ano, Rosa Claro, produto12
433,29.0,G, Caramelo, produto12
433,29.0,M, Caramelo, produto12
429,29.0,M, Rosê, produto12
428,29.0,G, Azul, produto12
426,29.0,M, Azul, produto12
425,32.0,2 anos, Rosa Claro, produto12
425,32.0,1 ano, Azul, produto12
423,29.0,G, Caramelo, produto12
423,32.0,1 ano, Azul, produto12
422,29.0,M, Caramelo, produto12
422,29.0,M, Azul, produto12
421,32.0,1 ano, Rosa Claro, produto12
418,32.0,1 ano, Azul, produto12
417,32.0,2 anos, Caramelo, produto12
416,29.0,M, Caramelo, produto12
415,29.0,G, Azul, produto12
410,29.0,M, Rosa Claro, produto12
408,29.0,M, Rosa Claro, produto12
405,29.0,M, Rosa Claro, produto12
404,29.0,M, Azul, produto12
404,29.0,M, Caramelo, produto12
400,29.0,G, Rosa Claro, produto12
400,29.0,M, Rosê, produto12
395,29.0,M, Azul, produto12
395,32.0,2 anos, Rosa Claro, produto12
395,32.0,1 ano, Rosa Claro, produto12
395,32.0,2 anos, Azul, produto12
395,32.0,1 ano, Azul, produto12
394,32.0,2 anos, Rosa Claro, produto12
391,29.0,G, Azul, produto12
390,32.0,2 anos, Azul, produto12
390,32.0,2 anos, Rosa Claro, produto12
388,29.0,G, Caramelo, produto12
388,29.0,G, Azul, produto12
385,29.0,M, Azul, produto12
383,32.0,1 ano, Rosa Claro, produto12
382,32.0,1 ano, Azul, produto12
382,29.0,1 ano, Rosê, produto12
382,32.0,1 ano, Rosa Claro, produto12
381,32.0,1 ano, Caramelo, produto12
381,32.0,2 anos, Rosa Claro, produto12
381,29.0,1 ano, Rosê, produto12
376,32.0,1 ano, Rosa Claro, produto12
357,29.0,G, Rosa Claro, produto12
347,32.0,2 anos, Caramelo, produto12
345,32.0,2 anos, Caramelo, produto12
344,32.0,1 ano, Rosa Claro, produto12
338,32.0,2 anos, Rosa Claro, produto12
332,32.0,2 anos, Azul, produto12
329,32.0,2 anos, Caramelo, produto12
324,32.0,2 anos, Azul, produto12
319,29.0,M, Azul, produto12
316,29.0,M, Rosa Claro, produto12
314,32.0,1 ano, Rosa Claro, produto12
312,29.0,2 anos, Rosê, produto12
312,32.0,2 anos, Rosa Claro, produto12
310,29.0,G, Rosa Claro, produto12
306,29.0,G, Caramelo, produto12
306,29.0,M, Rosê, produto12
305,29.0,M, Rosê, produto12
304,29.0,G, Rosa Claro, produto12
304,29.0,G, Rosê, produto12
301,29.0,G, Rosa Claro, produto12
297,32.0,2 anos, Rosa Claro, produto12
297,29.0,2 anos, Rosê, produto12
295,29.0,G, Caramelo, produto12
293,29.0,G, Caramelo, produto12
292,29.0,M, Caramelo, produto12
291,32.0,2 anos, Caramelo, produto12
291,29.0,M, Azul, produto12
291,29.0,M, Rosa Claro, produto12
289,29.0,2 anos, Rosê, produto12
288,29.0,M, Rosê, produto12
287,29.0,G, Caramelo, produto12
287,32.0,2 anos, Caramelo, produto12
287,29.0,M, Caramelo, produto12
287,29.0,G, Azul, produto12
287,32.0,2 anos, Azul, produto12
287,29.0,G, Rosê, produto12
287,29.0,2 anos, Rosê, produto12
287,32.0,2 anos, Rosa Claro, produto12
287,32.0,1 ano, Rosa Claro, produto12
287,29.0,G, Rosa Claro, produto12
287,29.0,M, Rosa Claro, produto12
284,29.0,G, Rosê, produto12
283,32.0,1 ano, Rosa Claro, produto12
283,29.0,1 ano, Rosê, produto12
282,29.0,G, Rosê, produto12
280,32.0,1 ano, Azul, produto12
279,29.0,M, Azul, produto12
279,29.0,M, Rosa Claro, produto12
279,32.0,2 anos, Azul, produto12
278,29.0,G, Caramelo, produto12
278,29.0,G, Azul, produto12
274,29.0,M, Caramelo, produto12
274,29.0,M, Azul, produto12
273,29.0,G, Rosa Claro, produto12
272,32.0,2 anos, Rosa Claro, produto12
272,29.0,M, Azul, produto12
271,29.0,M, Azul, produto12
268,32.0,1 ano, Rosa Claro, produto12
268,32.0,1 ano, Azul, produto12
268,32.0,1 ano, Caramelo, produto12
268,32.0,1 ano, Rosa Médio, produto12
267,32.0,2 anos, Rosa Médio, produto12
254,29.0,M, Azul, produto12
251,29.0,M, Caramelo, produto12
250,32.0,1 ano, Rosa Médio, produto12
245,29.0,M, Caramelo, produto12
243,32.0,2 anos, Rosa Médio, produto12
243,32.0,1 ano, Rosa Claro, produto12
243,29.0,M, Caramelo, produto12
241,32.0,1 ano, Rosa Médio, produto12
237,29.0,G, Caramelo, produto12
237,29.0,M, Azul, produto12
236,32.0,2 anos, Rosa Claro, produto12
236,29.0,G, Azul, produto12
234,29.0,G, Rosa Médio, produto12
234,29.0,M, Rosa Claro, produto12
233,32.0,2 anos, Rosa Claro, produto12
232,32.0,1 ano, Rosa Médio, produto12
232,32.0,1 ano, Rosa Claro, produto12
232,32.0,1 ano, Caramelo, produto12
231,29.0,G, Azul, produto12
231,29.0,M, Rosa Claro, produto12
230,29.0,M, Rosa Médio, produto12
228,32.0,2 anos, Rosa Médio, produto12
228,32.0,2 anos, Rosa Claro, produto12
228,32.0,2 anos, Azul, produto12
224,32.0,1 ano, Caramelo, produto12
223,29.0,M, Rosa Claro, produto12
222,32.0,2 anos, Azul, produto12
222,32.0,1 ano, Caramelo, produto12
221,29.0,M, Azul, produto12
220,32.0,1 ano, Azul, produto12
219,29.0,M, Azul, produto12
218,29.0,M, Rosa Médio, produto12
217,29.0,M, Rosa Médio, produto12
215,32.0,2 anos, Caramelo, produto12
215,32.0,2 anos, Azul, produto12
214,29.0,G, Rosa Claro, produto12
213,29.0,G, Rosa Claro, produto12
213,32.0,1 ano, Azul, produto12
213,32.0,1 ano, Caramelo, produto12
212,29.0,G, Rosa Médio, produto12
212,29.0,M, Rosa Claro, produto12
210,29.0,G, Rosa Claro, produto12
210,32.0,1 ano, Rosa Médio, produto12
209,32.0,1 ano, Rosa Claro, produto12
207,29.0,G, Azul, produto12
207,29.0,G, Rosa Claro, produto12
205,29.0,M, Rosa Claro, produto12
204,29.0,G, Rosa Médio, produto12
204,29.0,M, Rosa Claro, produto12
202,29.0,M, Azul, produto12
201,32.0,2 anos, Caramelo, produto12
201,32.0,2 anos, Rosa Médio, produto12
201,32.0,2 anos, Rosa Claro, produto12
200,29.0,M, Rosa Médio, produto12
200,29.0,M, Rosa Claro, produto12
195,29.0,G, Rosa Médio, produto12
193,32.0,2 anos, Caramelo, produto12
185,29.0,G, Caramelo, produto12
151,32.0,1 ano, Caramelo, produto12
150,29.0,G, Rosa Claro, produto12
150,32.0,1 ano, Rosa Claro, produto12
147,29.0,G, Caramelo, produto12
137,32.0,1 ano, Caramelo, produto12
127,29.0,G, Rosa Claro, produto12
125,29.0,M, Caramelo, produto12
122,29.0,M, Caramelo, produto12
122,29.0,M, Rosa Claro, produto12
121,29.0,G, Caramelo, produto12
115,29.0,M, Rosa Claro, produto12
459,15.0,G, Bordô, produto40
402,15.0,G, Bordô, produto40
397,15.0,P, Bordô, produto40
352,15.0,G, Bordô, produto40
336,15.0,P, Bordô, produto40
316,15.0,P, Bordô, produto40
288,15.0,P, Bordô, produto40
283,15.0,G, Bordô, produto40
282,15.0,G, Rosa, produto40
234,15.0,G, Rosa, produto40
184,15.0,P, Bordô, produto40
183,15.0,P, Rosa, produto40
170,15.0,M, Bordô, produto40
123,15.0,G, Bordô, produto40
115,15.0,P, Bordô, produto40
455,48.2,3 anos, Marinho, produto259
345,68.9,2 anos, Marinho, produto259
339,68.9,1 ano, Marinho, produto259
280,68.9,1 ano, Marinho, produto259
193,68.9,3 anos, Cinza, produto259
189,68.9,1 ano, Cinza, produto259
187,68.9,2 anos, Cinza, produto259
453,48.9,2 anos,, produto311
450,48.9,1 ano, Preto, produto68
447,48.9,3 anos, Marinho, produto68
351,69.9,1 ano, Marinho, produto68
439,88.1,,, produto190
380,125.9,,, produto190
439,88.1,,, produto27
380,125.9,,, produto27
439,74.9,, Azul claro, produto29
432,85.6,, Azul claro, produto29
264,85.6,, Azul claro, produto29
259,85.6,, Índigo, produto29
246,85.6,, Azul claro, produto29
428,58.4,G, Azul Claro, produto142
330,58.4,G, Rosa Claro, produto142
316,58.4,M, Rosa Claro, produto142
311,58.4,RN, Azul Claro, produto142
311,58.4,RN, Rosa Claro, produto142
307,58.4,G, Rosa Claro, produto142
257,58.4,M, Azul médio, produto142
229,58.4,G, Rosa Claro, produto142
229,58.4,P, Rosa Claro, produto142
229,58.4,G, Azul Claro, produto142
229,58.4,P, Azul Claro, produto142
225,58.4,P, Rosa Claro, produto142
219,58.4,M, Azul Claro, produto142
216,58.4,P, Azul Claro, produto142
204,58.4,M, Rosa Claro, produto142
413,62.9,P, Marfim com rosa, produto273
396,62.9,P, Preto com mescla, produto273
369,62.9,P, Preto com mescla, produto273
210,62.9,G, Preto com mescla, produto273
204,62.9,P, Preto com mescla, produto273
169,62.9,G, Rosa com preto, produto273
401,62.9,P, Preto com mescla, produto14
353,62.9,P, Marinho com azul, produto14
280,62.9,G, Preto com mescla, produto14
221,62.9,M, Marinho com azul, produto14
125,62.9,M, Marinho com azul, produto14
114,62.9,P, Marinho com azul, produto14
400,82.9,,, produto39
340,82.9,,, produto39
399,93.6,P,, produto352
394,19.0,,, produto193
372,19.0,,, produto193
372,19.0,,, produto193
308,19.0,,, produto193
307,19.0,,, produto193
307,19.0,,, produto193
307,19.0,,, produto193
394,19.0,, Rosa ursa, produto291
377,19.0,, Rosa laço, produto291
352,19.0,, Preto, produto291
336,19.0,, Rosa laço, produto291
331,19.0,, Vermelho, produto291
331,19.0,, Rosa laço, produto291
326,19.0,, Preto, produto291
302,19.0,, Preto, produto291
277,19.0,, Rosa laço, produto291
277,19.0,, Preto, produto291
190,19.0,, Rosa com lacinho, produto291
389,5.0,P,, produto148
373,5.0,P,, produto148
321,5.0,G,, produto148
316,5.0,P,, produto148
296,5.0,G,, produto148
252,5.0,P,, produto148
241,5.0,G,, produto148
184,5.0,P,, produto148
183,5.0,P,, produto148
178,5.0,P,, produto148
150,5.0,G,, produto148
389,15.0,,, produto55
311,15.0,,, produto55
311,15.0,,, produto55
302,15.0,,, produto55
277,15.0,,, produto55
250,15.0,,, produto55
376,41.9,G, Preto, produto181
364,41.9,M, Preto, produto181
286,41.9,M, Preto, produto181
284,41.9,G, Preto, produto181
149,41.9,G, Preto, produto181
127,41.9,M, Preto, produto181
370,60.8,P, Bordô, produto1
141,60.8,P, Bordô, produto1
366,57.9,P, Cinza com rosa, produto175
150,57.9,G, Cinza com rosa, produto175
134,57.9,M, Marinho com rosa, produto175
366,57.9,G, Marinho, produto80
366,57.9,P, Mescla, produto80
134,57.9,G, Mescla, produto80
362,137.9,,, produto102
294,137.9,,, produto102
249,137.9,,, produto102
353,54.0,P, Marinho, produto307
257,54.0,G, Marinho, produto307
224,54.0,G, Cinza, produto307
352,54.0,M, Rosa Médio, produto35
282,54.0,G, Rosa Médio, produto35
252,54.0,P, Caramelo, produto35
247,54.0,M, Caramelo, produto35
247,54.0,M, Rosa Médio, produto35
240,54.0,P, Rosa Médio, produto35
237,54.0,M, Caramelo, produto35
229,54.0,M, Rosa Médio, produto35
229,54.0,P, Caramelo, produto35
225,54.0,P, Rosa Médio, produto35
219,54.0,M, Caramelo, produto35
206,54.0,G, Caramelo, produto35
198,54.0,M, Rosa Médio, produto35
174,54.0,G, Rosa Médio, produto35
122,54.0,M, Caramelo, produto35
348,74.9,1 ano, Marfim com rosa, produto185
307,74.9,1 ano, Marfim com rosa, produto185
235,74.9,3 anos, Preto, produto185
341,68.9,2 anos, Preto, produto216
329,68.9,3 anos, Preto, produto216
233,68.9,2 anos, Pink, produto216
334,47.2,,, produto24
334,90.4,P, Rosa claro, produto208
144,90.4,P, Rosa claro, produto208
332,59.9,G, Marinho com mescla, produto79
125,59.9,G, Mescla, produto79
116,59.9,P, Mescla, produto79
328,137.9,, Bordô, produto5
315,137.9,,, produto186
312,68.9,2 anos, Preto, produto287
307,47.9,3 anos,, produto11
307,55.9,1 ano,, produto299
307,69.9,1 ano,, produto38
307,62.9,1 ano, Cinza claro com salmão, produto134
162,62.9,2 anos, Cinza claro com salmão, produto134
307,54.0,G, Rosê, produto280
198,54.0,M, Marfim, produto280
295,15.0,G, Azul médio, produto153
220,15.0,1 ano, Azul médio, produto153
197,15.0,G, Azul médio, produto153
173,15.0,G, Índigo, produto153
136,15.0,1 ano, Azul médio, produto153
136,15.0,1 ano, Índigo, produto153
133,15.0,G, Índigo, produto153
133,15.0,G, Azul médio, produto153
281,47.9,, Rosa, produto52
280,35.0,1 ano, Azul, produto36
193,35.0,3 anos, Azul, produto36
264,87.6,P, Caramelo, produto286
135,87.6,P, Caramelo, produto286
260,36.0,M,, produto53
243,36.0,M,, produto53
257,49.5,,, produto243
185,49.5,,, produto243
138,61.9,,, produto243
251,33.5,G, Camisa cinza, produto58
189,33.5,G, Camisa preta, produto58
250,46.1,1 ano, Preto, produto64
232,46.1,1 ano, Preto, produto64
248,57.0,M, Rosê, produto335
208,57.0,G, Rosa claro, produto335
198,57.0,M, Rosê, produto335
192,57.0,M, Rosê, produto335
190,57.0,M, Rosê, produto335
164,57.0,P, Rosa claro, produto335
148,57.0,P, Rosa claro, produto335
144,57.0,P, Rosa claro, produto335
131,57.0,M, Rosê, produto335
243,52.8,G, Caramelo, produto345
185,52.8,G, Caramelo, produto345
243,17.45,M, Rosa claro, produto328
205,17.45,M, Pink, produto328
115,17.45,M, Pink, produto328
240,45.0,M, Rosa, produto245
229,45.0,RN, Azul, produto245
171,45.0,P, Rosa, produto245
170,45.0,G, Rosa, produto245
147,45.0,G, Azul, produto245
115,45.0,M, Azul, produto245
233,41.9,2 anos,, produto246
233,69.9,2 anos, Rosa com preto, produto209
209,69.9,1 ano, Rosa com preto, produto209
224,15.9,G,, produto71
185,58.4,, M, produto232
110,40.8,, M, produto232
182,57.9,3 anos, Marinho, produto303
173,27.9,M, Índigo, produto265
109,27.9,G, Azul Claro, produto265
172,52.85,G,, produto308
164,59.0,P,, produto233
158,59.0,G,, produto233
159,59.9,G,, produto199
114,59.9,P,, produto199
155,88.0,RN, Rosa, produto0
153,88.0,P, Rosa, produto0
117,88.0,P, Rosê, produto0
111,88.0,P, Rosa, produto0
148,20.9,M,, produto135
137,31.0,1 ano, Marfim, produto97
128,31.0,2 anos, Marfim, produto97
134,59.9,M, Rosa, produto331
129,49.9,RN, Azul, produto194
122,49.9,M, Rosa, produto194
114,49.9,RN, Azul, produto194
124,68.9,2 anos, Mescla, produto278
120,65.9,M,, produto326
120,72.9,M, Verde militar com preto, produto88
117,107.0,, Rosa, produto336
117,107.0,, Bordô, produto254
116,28.7,P,, produto272
116,65.9,P,, produto44
105,59.9,1 ano,, produto169
